Feature,marginal_data,marginal_model,marginal_gen
l1,0.0,0.0,0.0
l2,0.0,0.0,0.0
l3,0.0,0.0,0.0
l4,0.0,1.1933631695076315e-06,6e-06
l5,0.0,5.938316297935438e-06,8.2e-05
l6,4.980575754557227e-05,1.1111044178323086e-05,0.000358
l7,0.00012451439386393067,5.426526929964012e-05,0.001214
l8,0.00042334893913736427,0.00029584822894846444,0.00378
l9,0.000747086363183584,0.0006852483281688495,0.00926
l10,0.005254507421057875,0.005053093096702987,0.020494
l11,0.029734037254706643,0.029981504779861237,0.042206
l12,0.07281601753162666,0.07205323992721874,0.075418
l13,0.15165853172626756,0.14911231543216968,0.115428
l14,0.2108526745691802,0.2091354016923443,0.144476
l15,0.2313477437991832,0.23271763718312058,0.154004
l16,0.15118537702958462,0.1534237532203893,0.137744
l17,0.08110867616296444,0.08284682288537229,0.107824
l18,0.03685626058372348,0.03683188280857704,0.076618
l19,0.016336288474947704,0.01606941984063043,0.048622
l20,0.006748680147425043,0.0066717018340159825,0.029194
l21,0.0027144137862336886,0.0028054940607081208,0.016194
l22,0.0012451439386393067,0.0012970029588838393,0.00868
l23,0.00039844606036457814,0.0004903721626250073,0.00448
l24,0.00019922303018228907,0.00023467954707663335,0.002152
l25,0.0001494172726367168,0.00011407440885426229,0.001002
l26,0.0,4.39656445787462e-05,0.000438
l27,2.4902878772786134e-05,3.3310950827792956e-05,0.00019
l28,2.4902878772786134e-05,1.4044897098943686e-05,7.4e-05
l29,0.0,1.3498362993411874e-05,4.2e-05
l30,0.0,2.1086873495166066e-06,1.4e-05
aA0,0.0,0.0,0.0
aA1,0.9136617192947505,0.9149352606048095,0.900634
aA2,0.06076302420559817,0.0599258804542714,0.072214
aA3,0.00869110469170236,0.008661270009295003,0.009954
aA4,0.02931068831556928,0.029132842045511986,0.039322
aA5,0.06880665404920809,0.06894945435282532,0.085158
aA6,0.07475844207590397,0.07447178646396982,0.062942
aA7,0.08586512600856659,0.0854757181191679,0.067424
aA8,0.07306504631935452,0.07303338280629304,0.064446
aA9,0.057475844207590394,0.057428669010337434,0.055518
aA10,0.04188664209582628,0.04174215938673996,0.045092
aA11,0.03252315967725869,0.032145019906815814,0.035408
aA12,0.021615698774778366,0.021549142483813975,0.027092
aA13,0.01088255802370754,0.01119842538210924,0.019296
aA14,0.004457615300328718,0.004647476339455044,0.01232
aA15,0.0018926187867317461,0.00189295834788706,0.007652
aA16,0.0006972806056380117,0.0007059062284163983,0.004314
aA17,0.00024902878772786134,0.0002917037140990506,0.002522
aA18,9.961151509114453e-05,0.00015458147241514272,0.001214
aA19,0.0,6.841294800748585e-05,0.000586
aA20,0.0,4.6528308208445445e-05,0.00035
aA21,0.0,1.7950221617140264e-05,0.000112
aA22,2.4902878772786134e-05,5.690722645770432e-06,5.4e-05
aA23,0.0,1.6680056637739972e-06,2.6e-05
aA24,0.0,1.6680661585340748e-06,1e-05
aA-25,0.0,4.3694723954526514e-05,0.000434
aA-24,9.961151509114453e-05,0.00010934587005332675,0.000984
aA-23,0.00024902878772786134,0.00023707902504898457,0.00211
aA-22,0.000373543181591792,0.00047921802487030206,0.004326
aA-21,0.001120629544775376,0.001212928691091342,0.008538
aA-20,0.002589899392369758,0.002737942988147734,0.0159
aA-19,0.006474748480924395,0.006522098510572814,0.02866
aA-18,0.015763522263173624,0.015676858237998137,0.047878
aA-17,0.03548660225122024,0.03562670411680179,0.076258
aA-16,0.0783195537404124,0.08014841143918638,0.107982
aA-15,0.14660324733539198,0.14873718820441628,0.139752
aA-14,0.22601852774180695,0.22721477905469087,0.16082
aA-13,0.21237175017432014,0.2107314059251548,0.159154
aA-12,0.16782050004980575,0.16542188063263322,0.140694
aA-11,0.106310389481024,0.10552114001832319,0.115514
aA-10,0.08444566191851778,0.08475444605455336,0.095036
aA-9,0.08257794601055882,0.08242181127537329,0.08239
aA-8,0.07675067237772687,0.07712016288019569,0.080118
aA-7,0.076501643589999,0.07588916834792941,0.077004
aA-6,0.07455921904572169,0.07334463628880392,0.073014
aA-5,0.009189162267158083,0.009165221543055033,0.013196
aA-4,0.0034365972706444864,0.003567777010727957,0.00794
aA-3,0.07944018328518777,0.07947447525605135,0.074658
aA-2,0.00017432015140950293,0.0002495785477152945,0.000924
aA-1,0.0,1.4106987008117396e-05,6.8e-05
aC0,1.0,1.0,1.0
aC1,2.4902878772786134e-05,7.344820288317012e-06,4.2e-05
aC2,0.0006723777268652256,0.000512237402920023,0.000644
aC3,0.000747086363183584,0.0007187705656988047,0.001672
aC4,0.00019922303018228907,0.0007727042471864594,0.011396
aC5,0.00019922303018228907,0.0006462228696881995,0.008834
aC6,0.00012451439386393067,0.0004912710767743136,0.00758
aC7,0.00017432015140950293,0.0004895335324431399,0.007402
aC8,9.961151509114453e-05,0.00042833326008864185,0.007576
aC9,0.00019922303018228907,0.00046555998724493103,0.006952
aC10,0.00027393166650064747,0.0004285624704741993,0.00544
aC11,0.0002241259089550752,0.00030303848166569176,0.0039
aC12,7.47086363183584e-05,0.00015397816608208104,0.002506
aC13,9.961151509114453e-05,9.77698026194519e-05,0.001436
aC14,4.980575754557227e-05,4.361094533652382e-05,0.000798
aC15,2.4902878772786134e-05,2.3152947766869754e-05,0.000448
aC16,0.0,9.132209703673117e-06,0.000186
aC17,2.4902878772786134e-05,3.881620121954153e-06,0.0001
aC18,0.0,6.769875548512558e-07,2.6e-05
aC19,0.0,1.052094772257256e-06,3e-05
aC20,0.0,7.358139624234887e-07,1.2e-05
aC21,0.0,5.8992175126508046e-08,2e-06
aC22,0.0,0.0,0.0
aC23,0.0,0.0,0.0
aC24,0.0,0.0,0.0
aC-25,0.0001494172726367168,0.00011407440885426229,0.001002
aC-24,0.00019922303018228907,0.00023472775422470342,0.002154
aC-23,0.00039844606036457814,0.0004903980189261351,0.004484
aC-22,0.0012451439386393067,0.001297031062363241,0.008684
aC-21,0.0027144137862336886,0.0028062549423735947,0.016218
aC-20,0.006748680147425043,0.006672608901126221,0.02923
aC-19,0.016336288474947704,0.016070284915028467,0.048694
aC-18,0.03685626058372348,0.036837564878982355,0.07679
aC-17,0.08110867616296444,0.08285709966311258,0.108172
aC-16,0.15118537702958462,0.1534631281455793,0.138452
aC-15,0.23137264667795598,0.23280659705262965,0.155266
aC-14,0.21095228608427133,0.20938667528583607,0.146708
aC-13,0.1517830461201315,0.14958411472092809,0.11871
aC-12,0.07321446359199123,0.07268582844586441,0.079916
aC-11,0.030381512102799085,0.03071401308581647,0.048202
aC-10,0.005702759238968025,0.005629272675983701,0.02703
aC-9,0.0010708237872298037,0.0011327748402742155,0.016384
aC-8,0.0005478633330012949,0.0007904904761603117,0.01164
aC-7,0.00042334893913736427,0.0007643713758411057,0.015288
aC-6,0.00019922303018228907,0.0005294460557065567,0.008578
aC-5,0.00017432015140950293,0.0003718820111262192,0.003086
aC-4,2.4902878772786134e-05,9.402899932523495e-05,0.000708
aC-3,0.00017432015140950293,7.546473039271921e-05,0.0003
aC-2,0.00017432015140950293,7.831358757637431e-05,0.00048
aC-1,2.4902878772786134e-05,3.1826491491108924e-06,4.2e-05
aD0,0.0,0.0,0.0
aD1,4.980575754557227e-05,9.530252085248413e-05,0.000276
aD2,0.00019922303018228907,0.0003834189022673743,0.00158
aD3,0.00373543181591792,0.0037778756363539643,0.006432
aD4,0.04492479330610619,0.0445901159759261,0.046924
aD5,0.09226516585317263,0.09289087194530134,0.075422
aD6,0.04572168542683534,0.045512583072028365,0.046784
aD7,0.04445163860942325,0.04475638170768394,0.048402
aD8,0.042160573762326924,0.04245620484735206,0.045804
aD9,0.04694192648670186,0.04724650418578428,0.041678
aD10,0.04362984360992131,0.04379225538133686,0.035946
aD11,0.03180097619284789,0.0324400455668423,0.028112
aD12,0.017108277716904072,0.017284882604904857,0.019802
aD13,0.007445960753063054,0.0075803511108207535,0.013072
aD14,0.0028887339376431915,0.0029579293236466353,0.00813
aD15,0.0013945612112760235,0.0014153893101638893,0.004684
aD16,0.0006225719693196533,0.0006047112158182415,0.002442
aD17,0.0002241259089550752,0.0002484909945876471,0.001386
aD18,4.980575754557227e-05,9.818211099509227e-05,0.00072
aD19,4.980575754557227e-05,4.185201095521435e-05,0.000272
aD20,2.4902878772786134e-05,1.7938817989312603e-05,0.000122
aD21,0.0,7.582374627750876e-06,5.8e-05
aD22,2.4902878772786134e-05,3.4117603576282945e-06,1.8e-05
aD23,0.0,4.734961445444012e-06,1e-05
aD24,0.0,5.249779135934846e-06,8e-06
aD-25,0.0,0.0,0.0
aD-24,0.0,4.791974198601438e-06,1e-05
aD-23,0.0,4.075355811445755e-06,1.6e-05
aD-22,0.0,1.0664418057860605e-05,6e-05
aD-21,2.4902878772786134e-05,1.7685281683243328e-05,0.000116
aD-20,2.4902878772786134e-05,3.52756927449769e-05,0.000274
aD-19,2.4902878772786134e-05,7.206599141337622e-05,0.000622
aD-18,0.0002241259089550752,0.00019273467085811173,0.001172
aD-17,0.0004482518179101504,0.0004886602695625405,0.002356
aD-16,0.0007221834844107979,0.000773255826537157,0.004206
aD-15,0.0015937842414583125,0.0016138715569920974,0.00701
aD-14,0.0036358203008267755,0.0036509925462960926,0.011418
aD-13,0.00921406514593087,0.00930020061532839,0.017346
aD-12,0.019922303018228907,0.019947307558524453,0.023592
aD-11,0.03267257694989541,0.033102895021049523,0.030702
aD-10,0.0389730052794103,0.039216323012759007,0.037424
aD-9,0.044426735730650466,0.044322580385226636,0.041374
aD-8,0.049133379818707044,0.0489765289297832,0.041476
aD-7,0.03747883255304313,0.03826961701442191,0.040958
aD-6,0.039446159976093235,0.03966956562213804,0.03992
aD-5,0.14585616097220838,0.1467828156185013,0.122342
aD-4,0.0011953381810937344,0.0010620114848488632,0.002934
aD-3,0.00032373742404621974,0.0003722329700866566,0.00129
aD-2,0.000373543181591792,0.00030812017214601017,0.001388
aD-1,0.0,1.7565072319116138e-05,7.6e-05
aE0,0.0,0.0,0.0
aE1,4.980575754557227e-05,0.00010921929383487692,0.000278
aE2,0.00032373742404621974,0.00048497916160261293,0.001816
aE3,0.011206295447753761,0.010754133836767448,0.008032
aE4,0.040018926187867315,0.03948256205237185,0.037208
aE5,0.04866022512202411,0.049170373792574676,0.043206
aE6,0.03461500149417272,0.03403756474762233,0.038632
aE7,0.05772487299531826,0.05731139466543717,0.05352
aE8,0.08399741010060763,0.08340632321847019,0.075524
aE9,0.1359697180994123,0.13441064418892593,0.09725
aE10,0.16204303217451937,0.1613777799083063,0.108804
aE11,0.15417372248231895,0.1544042775215746,0.10736
aE12,0.09378424145831259,0.09574041843119731,0.09031
aE13,0.047888235880067735,0.04893758494476021,0.067678
aE14,0.021167446956868213,0.021051661062673994,0.046478
aE15,0.009189162267158083,0.009102415213327879,0.028648
aE16,0.0036607231795995616,0.0036436336236109292,0.016672
aE17,0.001494172726367168,0.0015782195835155658,0.009226
aE18,0.0008217949995019424,0.0007943914983460158,0.004834
aE19,0.00024902878772786134,0.0002868337025800985,0.002476
aE20,9.961151509114453e-05,0.00011429378933821503,0.001106
aE21,0.0001494172726367168,7.160926191151842e-05,0.000552
aE22,0.0,2.3523961560777167e-05,0.000238
aE23,0.0,1.8602023467843824e-05,0.0001
aE24,0.0,6.1702077469240746e-06,3.2e-05
aE-25,0.0,1.6891805980254216e-06,8e-06
aE-24,2.4902878772786134e-05,3.411697698205996e-06,1.4e-05
aE-23,0.0,1.8904609504624446e-06,1.2e-05
aE-22,0.0,4.353797295662749e-06,4.6e-05
aE-21,0.0,1.2168863594395012e-05,9e-05
aE-20,0.0,2.7025509516814475e-05,0.000214
aE-19,2.4902878772786134e-05,6.190325396976156e-05,0.000386
aE-18,7.47086363183584e-05,0.00011951502995993248,0.000734
aE-17,0.00017432015140950293,0.00025359337105591037,0.001562
aE-16,0.000373543181591792,0.0004300177656091616,0.002714
aE-15,0.0014443669688215957,0.0015211258488776178,0.00472
aE-14,0.0035860145432812032,0.0034863096114625797,0.007738
aE-13,0.008018726964837136,0.007826103244711185,0.011804
aE-12,0.014593086960852675,0.014683196207849475,0.016224
aE-11,0.0237075405916924,0.023826721509578066,0.021094
aE-10,0.030057774678752865,0.02959083565004458,0.026302
aE-9,0.03267257694989541,0.03281858453124402,0.030972
aE-8,0.04089052694491483,0.04088463070197148,0.035164
aE-7,0.038948102400637515,0.03883772982528641,0.03212
aE-6,0.02358302619782847,0.02387258354790763,0.024846
aE-5,0.10581233190556828,0.10572602928296845,0.113176
aE-4,0.5818308596473752,0.5808305340659103,0.504504
aE-3,0.0013447554537304512,0.0013961315980363979,0.005248
aE-2,0.00012451439386393067,0.00010547520190131637,0.000308
aE-1,0.0,0.0,0.0
aF0,0.0,0.0,0.0
aF1,0.0,2.930898512499224e-05,9.4e-05
aF2,0.0002241259089550752,0.00030200134994306404,0.000748
aF3,0.0013447554537304512,0.001460008519115598,0.003066
aF4,0.05127502739316665,0.0510390439250485,0.040596
aF5,0.015091144536308398,0.015093397332368549,0.015266
aF6,0.011953381810937344,0.011867424254185873,0.01434
aF7,0.011505129993027195,0.011408886858507104,0.016732
aF8,0.01307401135571272,0.012767401728705339,0.025236
aF9,0.02776670983165654,0.02777766552886008,0.043308
aF10,0.06589301723279212,0.06581257595355605,0.07501
aF11,0.12879768901284988,0.12737923879483085,0.120422
aF12,0.22407610319752963,0.22153494510134106,0.17029
aF13,0.29502440482119735,0.29452930807121014,0.202688
aF14,0.29141348739914336,0.29394149558891586,0.206404
aF15,0.18413188564598068,0.18732774615905728,0.179
aF16,0.09647375236577348,0.0982367313818074,0.137908
aF17,0.04372945512501245,0.04367966534078954,0.095614
aF18,0.019424245442773186,0.018944794240358623,0.060134
aF19,0.007919115449745991,0.007826304299722817,0.035618
aF20,0.0033120828767805558,0.003403707450272304,0.019558
aF21,0.0014692698475943819,0.001516747018436476,0.010448
aF22,0.00047315469668293654,0.0005901565744277518,0.005308
aF23,0.0002988345452734336,0.0002901163127968421,0.002556
aF24,0.0001494172726367168,0.0001327077041009847,0.001184
aF-25,0.0,0.0,0.0
aF-24,0.0,1.3417255649984439e-06,8e-06
aF-23,0.0,8.925038051413172e-07,8e-06
aF-22,0.0,3.325915843128983e-06,3.2e-05
aF-21,2.4902878772786134e-05,1.0177447474163173e-05,8.2e-05
aF-20,0.0,1.6008172030005523e-05,0.000162
aF-19,4.980575754557227e-05,3.0928464152483984e-05,0.000272
aF-18,4.980575754557227e-05,8.999592943356365e-05,0.000614
aF-17,0.0002241259089550752,0.000194740958574598,0.00112
aF-16,0.00042334893913736427,0.00046384791352509984,0.002056
aF-15,0.0013447554537304512,0.0012896547673165281,0.003498
aF-14,0.0026895109074609024,0.0027191426917479275,0.00569
aF-13,0.0049307699970116544,0.005148025440822411,0.008578
aF-12,0.009438191054885945,0.009746610407971769,0.011604
aF-11,0.01738220938340472,0.017331055499368947,0.013736
aF-10,0.01952385695786433,0.01966951453862059,0.013954
aF-9,0.015763522263173624,0.015836557174266044,0.014158
aF-8,0.013347943022213368,0.013773356578242527,0.013784
aF-7,0.018776770594680744,0.01824771926333141,0.015066
aF-6,0.014842115748580536,0.01478437965399462,0.011828
aF-5,0.003760334694690706,0.0038900580369323505,0.003836
aF-4,0.00034864030281900587,0.0003769861366525996,0.0011
aF-3,0.0002241259089550752,0.00027093221664491407,0.00053
aF-2,0.3728957067436996,0.3737533339082936,0.36274
aF-1,0.998829564697679,0.9993717222789633,0.997956
aG0,0.0,0.0,0.0
aG1,0.00019922303018228907,0.00028508418354352474,0.000804
aG2,0.003536208785735631,0.003406067677573367,0.006346
aG3,0.02171531028986951,0.021483144738688682,0.028684
aG4,0.05685327223827075,0.05684129887973233,0.093042
aG5,0.23246837334395856,0.23137282420819458,0.187934
aG6,0.2614553242354816,0.2620239344778679,0.22735
aG7,0.29387887239764915,0.29469965587842434,0.237054
aG8,0.22885745592190457,0.2300286975070204,0.20689
aG9,0.1445861141547963,0.14488886853144434,0.15912
aG10,0.08805657934057178,0.08846495583793984,0.112186
aG11,0.05403924693694591,0.05486177317929928,0.07396
aG12,0.027144137862336885,0.027455213443549502,0.046816
aG13,0.01262575953780257,0.012539829213692252,0.028318
aG14,0.004880964239466082,0.005006180200003942,0.016132
aG15,0.002042036059368463,0.0018633860140906356,0.008978
aG16,0.0007221834844107979,0.0007621560164178072,0.004726
aG17,0.00032373742404621974,0.00037383222859690686,0.002384
aG18,9.961151509114453e-05,0.00013271967644159314,0.0013
aG19,9.961151509114453e-05,7.338496905659015e-05,0.00054
aG20,7.47086363183584e-05,5.589136413607714e-05,0.000268
aG21,4.980575754557227e-05,1.807850598414132e-05,0.000128
aG22,0.0,8.703587389370548e-06,3.6e-05
aG23,0.0,2.6235836051120903e-06,2e-05
aG24,0.0,0.0,0.0
aG-25,2.4902878772786134e-05,3.473972938809808e-07,2e-06
aG-24,0.0,1.6857806055904362e-06,1e-05
aG-23,0.0,2.61581361815049e-06,2e-05
aG-22,0.0,5.369763372875433e-06,4.8e-05
aG-21,2.4902878772786134e-05,9.695831281578312e-06,0.0001
aG-20,4.980575754557227e-05,3.029146099178056e-05,0.000302
aG-19,2.4902878772786134e-05,6.983324218498437e-05,0.00081
aG-18,0.0001494172726367168,0.00016368843716803915,0.00149
aG-17,0.0004980575754557227,0.000489949892822635,0.003354
aG-16,0.0008217949995019424,0.0007789983511912266,0.006546
aG-15,0.002589899392369758,0.0025737030351771916,0.012952
aG-14,0.006773583026197828,0.006762663071745293,0.024156
aG-13,0.0170584719593585,0.016860800189204234,0.042172
aG-12,0.03444068134276322,0.034581000031336094,0.070074
aG-11,0.06990238071521068,0.07086481577067248,0.110526
aG-10,0.15001494172726368,0.15165839735240919,0.16162
aG-9,0.2422801075804363,0.24337316335874887,0.21532
aG-8,0.30289371451339775,0.30175716286059595,0.239102
aG-7,0.2710180296842315,0.2711966585313616,0.227802
aG-6,0.14622970415380018,0.1463052337156882,0.1228
aG-5,0.12399143340970216,0.12465159442791784,0.118926
aG-4,0.0637513696583325,0.06285164204844809,0.068018
aG-3,0.0008965036358203008,0.0012363201646250872,0.013876
aG-2,0.0002241259089550752,0.00038059829576793836,0.002818
aG-1,4.980575754557227e-05,4.3535946896469e-05,0.000176
aH0,0.0,0.0,0.0
aH1,0.0,2.2134254352344903e-05,7.6e-05
aH2,0.00012451439386393067,0.00021582550186657459,0.000702
aH3,0.001668492877776671,0.0017018296242642397,0.002856
aH4,0.016958860444267358,0.01674010546475573,0.020156
aH5,0.008267755752564996,0.008583656677003133,0.014604
aH6,0.008740910449247933,0.008741991326609116,0.015354
aH7,0.008143241358701066,0.007965451409416818,0.014072
aH8,0.008790716206793505,0.008512971775955067,0.014242
aH9,0.009761928478932164,0.009454318695193444,0.014398
aH10,0.009363482418567586,0.009458176798172005,0.015022
aH11,0.012077896204801274,0.011909815327358719,0.015812
aH12,0.01675963741408507,0.016395556975407302,0.017138
aH13,0.016585317262675564,0.017036883206659952,0.017154
aH14,0.010135471660523957,0.010376094160985068,0.015512
aH15,0.005329216057376233,0.005637119921276779,0.012482
aH16,0.0024902878772786134,0.002444151260823223,0.00884
aH17,0.0013447554537304512,0.0014180109182993703,0.005738
aH18,0.00039844606036457814,0.0004838875381882627,0.003582
aH19,0.00024902878772786134,0.0003240061923526615,0.002034
aH20,7.47086363183584e-05,0.0001245270450523494,0.001004
aH21,2.4902878772786134e-05,5.48417757796146e-05,0.000552
aH22,2.4902878772786134e-05,4.334990001354817e-05,0.000296
aH23,0.0,1.1693821607408708e-05,0.000118
aH24,0.0,6.97825061564968e-06,6.4e-05
aH-25,0.0,0.0,0.0
aH-24,0.0,5.8992175126508046e-08,2e-06
aH-23,0.0,1.1973163669841373e-06,6e-06
aH-22,0.0,2.5989921086171797e-06,2.2e-05
aH-21,0.0,3.7099347646376186e-06,3.4e-05
aH-20,0.0,7.68457177409039e-06,5.6e-05
aH-19,2.4902878772786134e-05,1.4768179943848176e-05,0.00015
aH-18,0.0,4.0421123218714696e-05,0.000364
aH-17,4.980575754557227e-05,8.944638843297648e-05,0.000674
aH-16,0.00024902878772786134,0.0002348340070621958,0.00119
aH-15,0.0006474748480924395,0.0006006062826357956,0.00218
aH-14,0.0008716007570475147,0.0009426138043027442,0.003684
aH-13,0.002390676362187469,0.0025505487745276336,0.00538
aH-12,0.0051299930271939435,0.0052761751231391344,0.00762
aH-11,0.00779460105588206,0.007855229738532872,0.009788
aH-10,0.0072965434804263376,0.007144901644761689,0.011088
aH-9,0.006574359996015539,0.006761481094057895,0.01167
aH-8,0.00734634923797191,0.007420950146666624,0.012322
aH-7,0.009487996812431516,0.00935403190873807,0.015382
aH-6,0.011828867417073414,0.011811573448339248,0.018562
aH-5,0.012775176810439286,0.012398908239714599,0.01641
aH-4,0.00027393166650064747,0.00029691219616901715,0.000932
aH-3,0.0002241259089550752,0.00020283707166191095,0.000502
aH-2,0.06434903874887937,0.06463608406865697,0.09377
aH-1,0.0,2.2126375437811202e-05,5.8e-05
aI0,0.0,0.0,0.0
aI1,2.4902878772786134e-05,8.851387202557749e-05,0.00032
aI2,0.016186871202310986,0.01584854345044722,0.019802
aI3,0.006574359996015539,0.006833934174880867,0.01444
aI4,0.01730750074708636,0.017005903791214,0.014254
aI5,0.017282597868313578,0.01706987602231474,0.015672
aI6,0.013049108476939934,0.013329079278293935,0.015208
aI7,0.013123817113258293,0.013084519816975369,0.013186
aI8,0.013123817113258293,0.012859362722902052,0.012892
aI9,0.012650662416575356,0.012420962795356615,0.012824
aI10,0.010658432114752465,0.010633360720122982,0.012172
aI11,0.009139356509612511,0.009046390122149703,0.010656
aI12,0.00779460105588206,0.007598177400235135,0.009344
aI13,0.00527941029983066,0.0052182615219491125,0.00756
aI14,0.0028638310588704054,0.00302805459248434,0.005304
aI15,0.001294949696184879,0.001318674203175532,0.003604
aI16,0.0006474748480924395,0.000685713651022232,0.00228
aI17,0.0002241259089550752,0.00025393812422530907,0.001278
aI18,0.00012451439386393067,9.527956443127046e-05,0.00062
aI19,2.4902878772786134e-05,4.368191779685047e-05,0.000344
aI20,2.4902878772786134e-05,1.3733611645127452e-05,0.0002
aI21,0.0,1.040475505870102e-05,0.000104
aI22,0.0,2.9792909085089326e-06,3.4e-05
aI23,0.0,3.5684704538780526e-06,1.4e-05
aI24,0.0,7.017495650404585e-07,8e-06
aI-25,0.0,2.1039067379254782e-07,2e-06
aI-24,0.0,9.625591937441968e-07,1.4e-05
aI-23,2.4902878772786134e-05,3.97250294381086e-06,2.2e-05
aI-22,0.0,7.645498100410053e-06,5.4e-05
aI-21,0.0,1.3877773076732968e-05,0.000126
aI-20,4.980575754557227e-05,3.614948013422594e-05,0.000278
aI-19,7.47086363183584e-05,7.193785785522891e-05,0.000516
aI-18,0.00012451439386393067,0.0001469238028615555,0.000966
aI-17,0.0005727662117740811,0.0005077191046915706,0.001608
aI-16,0.0007221834844107979,0.0007551574158887466,0.002882
aI-15,0.002017133180595677,0.002019741323927909,0.004518
aI-14,0.003536208785735631,0.0035362126193441423,0.006982
aI-13,0.006723777268652256,0.006795287424153273,0.00954
aI-12,0.009562705448749875,0.009524169875188108,0.012472
aI-11,0.01506624165753561,0.014863629888402697,0.014294
aI-10,0.014568184082079888,0.014464163183308442,0.014762
aI-9,0.013223428628349437,0.012923920684178945,0.015008
aI-8,0.013472457416077298,0.013719592996617236,0.015534
aI-7,0.01822890726167945,0.017992271899977572,0.015296
aI-6,0.014244446658033668,0.01406532064162437,0.011886
aI-5,0.003187568482916625,0.0032062587501815645,0.003616
aI-4,0.018403227413088953,0.018277067063869792,0.02961
aI-3,0.013123817113258293,0.013167761444126503,0.011052
aI-2,0.0002988345452734336,0.000282830476925556,0.000758
aI-1,0.00017432015140950293,0.00011112435306951361,0.000326
aK0,0.0,0.0,0.0
aK1,2.4902878772786134e-05,8.633279521147292e-05,0.00031
aK2,0.00032373742404621974,0.0005593085836397739,0.00323
aK3,0.00779460105588206,0.007623883178759579,0.012134
aK4,0.008068532722382707,0.008314887677675964,0.013792
aK5,0.010035860145432812,0.00989948383338295,0.018132
aK6,0.008666201812929574,0.008520448300084955,0.018164
aK7,0.007694989540790916,0.007855979626497464,0.016986
aK8,0.010185277418069528,0.010021428972565687,0.01773
aK9,0.010932363781253113,0.011003542791362871,0.017686
aK10,0.010907460902480327,0.010724985512479863,0.015808
aK11,0.009363482418567586,0.009646209011887265,0.013024
aK12,0.005901982269150314,0.005948939333124629,0.00965
aK13,0.0022910648470963243,0.00246926387631068,0.006468
aK14,0.0014443669688215957,0.0014068180093937319,0.00421
aK15,0.00039844606036457814,0.00043483359517970123,0.002296
aK16,0.00019922303018228907,0.00021476342190019686,0.001354
aK17,4.980575754557227e-05,6.0296818184181925e-05,0.000648
aK18,2.4902878772786134e-05,3.0999787091492384e-05,0.000388
aK19,2.4902878772786134e-05,1.659358166374791e-05,0.000178
aK20,0.0,1.2090767746277498e-05,9.4e-05
aK21,0.0,3.724965362140164e-06,3.2e-05
aK22,0.0,2.0068550974255153e-06,2e-05
aK23,0.0,7.488591543378043e-07,6e-06
aK24,0.0,1.8794198726718893e-07,2e-06
aK-25,0.0,0.0,0.0
aK-24,0.0,3.5212677609487925e-07,2e-06
aK-23,0.0,1.8161942480961892e-06,1.4e-05
aK-22,0.0,9.674916947834587e-07,1e-05
aK-21,0.0,1.901535035067929e-06,4e-05
aK-20,0.0,1.1874660467711233e-05,0.00012
aK-19,2.4902878772786134e-05,2.3930816491674127e-05,0.000196
aK-18,4.980575754557227e-05,3.91604554745905e-05,0.000438
aK-17,9.961151509114453e-05,8.828171334454536e-05,0.000722
aK-16,0.00019922303018228907,0.00020849909032694317,0.001462
aK-15,0.000373543181591792,0.00040294267684923095,0.002512
aK-14,0.0009712122721386592,0.0008958811052916397,0.004208
aK-13,0.0023408706046418966,0.0023712242205079182,0.006612
aK-12,0.004358003785237574,0.004364368251548453,0.009948
aK-11,0.006923000298834545,0.007090119837678462,0.01281
aK-10,0.009512899691204304,0.009654513577750089,0.01556
aK-9,0.007744795298336488,0.007892580809672407,0.017534
aK-8,0.007670086662018129,0.007733324101519287,0.018586
aK-7,0.009587608327522661,0.009648597349239752,0.016956
aK-6,0.01875186771590796,0.018606231765203162,0.031964
aK-5,0.0032373742404621974,0.003127300187305821,0.004926
aK-4,0.021590795896005578,0.021673922375050062,0.02418
aK-3,0.0008716007570475147,0.0009677290071287425,0.003386
aK-2,2.4902878772786134e-05,5.4431807431116055e-05,0.00016
aK-1,0.0,0.0,0.0
aL0,0.0,0.0,0.0
aL1,4.980575754557227e-05,0.00010431027828960886,0.000326
aL2,0.0010708237872298037,0.0011516532525108053,0.00244
aL3,0.00734634923797191,0.007420936711065906,0.011144
aL4,0.21565893017232793,0.21622377930987544,0.19292
aL5,0.06454826177906166,0.06508919477073405,0.059224
aL6,0.0713218448052595,0.07097091307163321,0.060168
aL7,0.04602051997210878,0.04507627211387533,0.050538
aL8,0.043331009064647874,0.042594230184172924,0.043298
aL9,0.03675664906863233,0.03673339569210242,0.037932
aL10,0.03205000498057575,0.0318372594472996,0.03429
aL11,0.031975296344257394,0.0319972715101439,0.032778
aL12,0.03354417770694292,0.03446055630353539,0.031166
aL13,0.026770594680745094,0.027148771175847616,0.027374
aL14,0.016286482717402132,0.016553236759319693,0.02258
aL15,0.008217949995019425,0.008251101608717143,0.016964
aL16,0.003984460603645781,0.004183280785287596,0.010964
aL17,0.0015688813626855264,0.0015185713797008736,0.006936
aL18,0.00047315469668293654,0.0005286414917584345,0.003834
aL19,0.0002988345452734336,0.0003102436329148091,0.002166
aL20,7.47086363183584e-05,0.00011586984232535413,0.001194
aL21,0.00012451439386393067,8.644708593545424e-05,0.000576
aL22,7.47086363183584e-05,4.658250008392869e-05,0.000302
aL23,0.0,1.9438699273176895e-05,0.000146
aL24,0.0,1.138758209874794e-05,6.4e-05
aL-25,0.0,2.0581404692740893e-06,1.6e-05
aL-24,0.0,7.432576372535732e-06,2.6e-05
aL-23,2.4902878772786134e-05,1.2320697050302645e-05,6.6e-05
aL-22,0.0,1.425263608837723e-05,0.000136
aL-21,4.980575754557227e-05,3.299660314422233e-05,0.00031
aL-20,0.00017432015140950293,9.714469701018167e-05,0.000752
aL-19,0.00012451439386393067,0.0001503609916082953,0.001482
aL-18,0.0002988345452734336,0.00032895913448041257,0.003074
aL-17,0.0007968921207291563,0.0008256828426430899,0.00554
aL-16,0.002017133180595677,0.0020367424222098697,0.01011
aL-15,0.00527941029983066,0.005324157141732401,0.017016
aL-14,0.011231198326526547,0.011305338204501136,0.028002
aL-13,0.02564996513596972,0.025664410051745683,0.040054
aL-12,0.04863532224325132,0.04932848549221638,0.053952
aL-11,0.08083474449646379,0.08155277378782094,0.063214
aL-10,0.0899741010060763,0.08990083729658195,0.0658
aL-9,0.07431019025799382,0.07420633583031659,0.06036
aL-8,0.06158481920510011,0.06107417665161128,0.056716
aL-7,0.058970016933957564,0.058430530839963316,0.047486
aL-6,0.03361888634326128,0.03338905047878347,0.029528
aL-5,0.006325331208287678,0.006233679789584048,0.009704
aL-4,0.0011455324235481621,0.0012674728722888865,0.00496
aL-3,0.13980476143042136,0.14077095769897865,0.149802
aL-2,0.0002988345452734336,0.0003223984696004806,0.000916
aL-1,0.00039844606036457814,0.0001617068344191721,0.000336
aM0,0.0,0.0,0.0
aM1,0.0,3.562179596497214e-05,0.000106
aM2,0.00012451439386393067,0.00028247358231662503,0.001054
aM3,0.0027393166650064747,0.002827138455513312,0.004104
aM4,0.005030381512102799,0.005066707792692407,0.004438
aM5,0.006997708935152904,0.006962743591410118,0.005174
aM6,0.006101205299332603,0.006174804467031993,0.005322
aM7,0.004582129694192649,0.004719646456887015,0.004776
aM8,0.005553341966331308,0.005588689213910985,0.004464
aM9,0.00373543181591792,0.003873262707304289,0.004168
aM10,0.002042036059368463,0.00197736362812928,0.003104
aM11,0.0009214065145930869,0.0009141594454367935,0.002178
aM12,0.00039844606036457814,0.0003753691408440738,0.00137
aM13,0.0002241259089550752,0.00021214062676834898,0.000854
aM14,4.980575754557227e-05,8.324486208581711e-05,0.000436
aM15,0.0,3.555026030262974e-05,0.000254
aM16,4.980575754557227e-05,2.4684182644344665e-05,0.00014
aM17,0.0,4.198610466058143e-06,5e-05
aM18,0.0,2.162753149866552e-06,1.2e-05
aM19,0.0,2.768220791983488e-06,1e-05
aM20,0.0,2.744323047037044e-07,6e-06
aM21,0.0,4.521865227310085e-07,2e-06
aM22,0.0,4.948431322994781e-07,4e-06
aM23,0.0,0.0,0.0
aM24,0.0,0.0,0.0
aM-25,0.0,0.0,0.0
aM-24,0.0,3.612718209665925e-07,2e-06
aM-23,0.0,4.4982552370166813e-07,4e-06
aM-22,0.0,2.7761160718544936e-07,8e-06
aM-21,0.0,5.35540527117953e-07,1e-05
aM-20,0.0,2.834328085858759e-06,2.4e-05
aM-19,0.0,1.1941004523485197e-05,6.6e-05
aM-18,4.980575754557227e-05,2.0017681671881944e-05,0.000124
aM-17,0.0,3.3257616248859176e-05,0.000198
aM-16,7.47086363183584e-05,8.9066549722453e-05,0.000456
aM-15,0.00019922303018228907,0.000232295977797084,0.000776
aM-14,0.0004482518179101504,0.00046775125240921216,0.00126
aM-13,0.0009214065145930869,0.001032687270067754,0.002044
aM-12,0.001693395756549457,0.0017838160898947298,0.00296
aM-11,0.0036856260583723478,0.0037809784245935976,0.003978
aM-10,0.00527941029983066,0.005105922684760635,0.00459
aM-9,0.005354118936149019,0.00557747839198463,0.005112
aM-8,0.004955672875784441,0.004969089473648296,0.00548
aM-7,0.010708237872298038,0.010858371472393042,0.009188
aM-6,0.003760334694690706,0.0036815475874619323,0.002564
aM-5,0.0008466978782747285,0.0008171709291731016,0.00102
aM-4,0.00039844606036457814,0.0004174464100856203,0.00071
aM-3,0.00017432015140950293,0.00027012830178275955,0.001412
aM-2,0.0,1.0525559826741698e-05,4e-05
aM-1,0.0,0.0,0.0
aN0,0.0,0.0,0.0
aN1,9.961151509114453e-05,8.065252831308576e-05,0.00028
aN2,0.0009712122721386592,0.0010052626218932546,0.002608
aN3,0.00811833847992828,0.00806826636246757,0.010042
aN4,0.006723777268652256,0.006738769126916667,0.011012
aN5,0.014867018627353321,0.01435296066543128,0.016304
aN6,0.01905070226118139,0.019216018827900347,0.021242
aN7,0.036283494371949394,0.03569171198677178,0.030936
aN8,0.053516286482717404,0.053056933789490515,0.045072
aN9,0.06898097420061759,0.06977902068522676,0.056688
aN10,0.07072417571471262,0.07160398118072532,0.060894
aN11,0.04748978981970316,0.04881707834741784,0.055148
aN12,0.028239864528339476,0.02861978467083681,0.043572
aN13,0.013298137264667796,0.013579467272598652,0.031652
aN14,0.006499651359697181,0.006480560689975434,0.020674
aN15,0.003013248331507122,0.0030387649188553475,0.012528
aN16,0.0011455324235481621,0.001126736562813981,0.006898
aN17,0.0006723777268652256,0.0005651955449999202,0.00383
aN18,0.0002241259089550752,0.0002212060431921041,0.001868
aN19,2.4902878772786134e-05,7.1050517161175e-05,0.000946
aN20,2.4902878772786134e-05,4.437184548965002e-05,0.000468
aN21,0.0,1.605654358310608e-05,0.000178
aN22,0.0,1.602682235122047e-05,8.8e-05
aN23,2.4902878772786134e-05,8.759547299730149e-06,4.8e-05
aN24,0.0,3.975075637913327e-06,2e-05
aN-25,0.0,0.0,0.0
aN-24,0.0,4.705452592209074e-07,4e-06
aN-23,0.0,1.8899758493808915e-06,1.4e-05
aN-22,0.0,3.633551081899881e-06,1.2e-05
aN-21,0.0,6.660853221496243e-06,4.8e-05
aN-20,0.0,7.69522639159466e-06,7.6e-05
aN-19,2.4902878772786134e-05,2.717619049456074e-05,0.000168
aN-18,0.0,3.662107098110645e-05,0.000314
aN-17,9.961151509114453e-05,0.00010628320630792165,0.0007
aN-16,0.00017432015140950293,0.00021829361503810168,0.001208
aN-15,0.0004482518179101504,0.0004899460898698639,0.002148
aN-14,0.0009961151509114453,0.0011308254465348165,0.00354
aN-13,0.0023408706046418966,0.0025330928659746048,0.005736
aN-12,0.005204701663512302,0.0053370627243922,0.007916
aN-11,0.007744795298336488,0.007922363209024695,0.010318
aN-10,0.008043629843609922,0.007961292316793234,0.011318
aN-9,0.007520669389381412,0.007571057073255515,0.01218
aN-8,0.00889032772188465,0.008952606178061111,0.013886
aN-7,0.03907261679450144,0.03959041239502354,0.042118
aN-6,0.10872596872198426,0.10916254243385469,0.118598
aN-5,0.19010857655144936,0.1903659385917537,0.200126
aN-4,0.000373543181591792,0.0004137183313954939,0.001064
aN-3,2.4902878772786134e-05,0.000149107658457161,0.00057
aN-2,0.00019922303018228907,0.000203959064236525,0.000888
aN-1,0.0,1.1450530549765542e-05,5.6e-05
aP0,0.0,0.0,0.0
aP1,2.4902878772786134e-05,0.00013167585206278907,0.000576
aP2,0.0006972806056380117,0.0009134557046822698,0.004728
aP3,0.0066241657535611115,0.00669297582210135,0.020964
aP4,0.12760235083175614,0.12841401271644468,0.092132
aP5,0.06400039844606037,0.0641392296923439,0.096598
aP6,0.06576850283892818,0.06616174438295654,0.085352
aP7,0.03658232891722283,0.03669308762533708,0.061228
aP8,0.0440033867915131,0.044413156165086835,0.049372
aP9,0.03909751967327423,0.03918154626658973,0.043676
aP10,0.03239864528339476,0.032384186731627254,0.038064
aP11,0.022586911046917024,0.023093587787749566,0.032
aP12,0.013347943022213368,0.013377720893731182,0.024886
aP13,0.00637513696583325,0.006664538293971377,0.018032
aP14,0.0027393166650064747,0.002804970660226171,0.011864
aP15,0.0015937842414583125,0.001625505518667033,0.007314
aP16,0.0004482518179101504,0.0005366653993249989,0.004368
aP17,0.00027393166650064747,0.0003557265852332511,0.002366
aP18,9.961151509114453e-05,0.00014440889604508457,0.001194
aP19,2.4902878772786134e-05,6.21406177709862e-05,0.00061
aP20,2.4902878772786134e-05,5.076434021984862e-05,0.000334
aP21,0.0,1.8305452777285393e-05,0.000134
aP22,0.0,7.384502906020071e-06,6.8e-05
aP23,0.0,2.370501364818162e-06,1.8e-05
aP24,0.0,2.1020668658109876e-06,1e-05
aP-25,0.0,5.6844825905665965e-06,8e-06
aP-24,0.0,5.260976091635461e-07,8e-06
aP-23,0.0,6.641394783569986e-06,3.2e-05
aP-22,0.0,1.1325218170904798e-05,9.4e-05
aP-21,4.980575754557227e-05,3.277647885278873e-05,0.00021
aP-20,4.980575754557227e-05,4.498127750056663e-05,0.000422
aP-19,9.961151509114453e-05,9.500205889021818e-05,0.000932
aP-18,0.00024902878772786134,0.0002726954919622208,0.001934
aP-17,0.0004482518179101504,0.0004894131194648069,0.003754
aP-16,0.0013696583325032373,0.0013924013217888496,0.007324
aP-15,0.0028638310588704054,0.0027332832468718767,0.013008
aP-14,0.00779460105588206,0.007725852870181481,0.021678
aP-13,0.01656041438390278,0.016599680592502473,0.034446
aP-12,0.03518776770594681,0.03533471860597129,0.048796
aP-11,0.06041438390277916,0.061041682491553374,0.061354
aP-10,0.06307899193146728,0.06405831191442594,0.06763
aP-9,0.05506026496663014,0.05575214625291721,0.064328
aP-8,0.047141149516884154,0.047320233213361304,0.060238
aP-7,0.05809841617691005,0.05815804942523837,0.053342
aP-6,0.0440033867915131,0.044187360356017176,0.044676
aP-5,0.0065494571172427535,0.00648482526073916,0.011916
aP-4,0.06432413587010659,0.06487376023049987,0.094412
aP-3,0.0008466978782747285,0.000982919843730761,0.004206
aP-2,0.00012451439386393067,0.00025414892053794084,0.001086
aP-1,0.0,1.5230767555546682e-05,6.4e-05
aQ0,0.0,0.0,0.0
aQ1,2.4902878772786134e-05,5.081308580750004e-05,0.00013
aQ2,0.0002988345452734336,0.00040506607507763154,0.00103
aQ3,0.003561111664508417,0.003423652568261571,0.005392
aQ4,0.12742803068034664,0.1278903384023743,0.097682
aQ5,0.02975894013347943,0.02978472223566142,0.035094
aQ6,0.04808745891025003,0.04793754350995606,0.045444
aQ7,0.038450044825181794,0.038213365372697254,0.049724
aQ8,0.04908357406116147,0.04892324944375589,0.059966
aQ9,0.07413587010658432,0.07340581774227577,0.079316
aQ10,0.12491283992429525,0.12403514218274599,0.104918
aQ11,0.16097220838728957,0.16008831365115225,0.121346
aQ12,0.17175515489590595,0.17219575865240977,0.122214
aQ13,0.11012052993326028,0.11193929027070722,0.105784
aQ14,0.058073513298137265,0.059173729274367454,0.080416
aQ15,0.025874091044924795,0.02573875230556685,0.055532
aQ16,0.011554935750572766,0.010890121141755976,0.034956
aQ17,0.004681741209283793,0.004697664114303451,0.020494
aQ18,0.0021416475744596075,0.0020871273137166245,0.01144
aQ19,0.0009961151509114453,0.0009218318966068043,0.006024
aQ20,0.0002988345452734336,0.00033310523353641383,0.002966
aQ21,7.47086363183584e-05,0.00012912039947598046,0.001466
aQ22,7.47086363183584e-05,6.458367568910725e-05,0.000644
aQ23,0.0,2.363385644604524e-05,0.000272
aQ24,2.4902878772786134e-05,2.0628593985512536e-05,0.000118
aQ-25,0.0,4.4469864961095596e-06,1.2e-05
aQ-24,0.0,4.022132266623682e-06,1.6e-05
aQ-23,2.4902878772786134e-05,5.943111416097971e-06,2.6e-05
aQ-22,0.0,1.4283857656262247e-05,0.000102
aQ-21,0.0,3.085428089474338e-05,0.000238
aQ-20,2.4902878772786134e-05,5.3992164736926575e-05,0.000428
aQ-19,7.47086363183584e-05,0.00012253668710714442,0.000872
aQ-18,0.0002241259089550752,0.0002681937998961137,0.001676
aQ-17,0.0004482518179101504,0.0005505783386650977,0.003034
aQ-16,0.0018179101504133877,0.0016122731013182,0.005064
aQ-15,0.003386791513098914,0.003351248306592058,0.008848
aQ-14,0.008043629843609922,0.00799184359553402,0.013588
aQ-13,0.017855364080087657,0.018527622712188375,0.019266
aQ-12,0.030057774678752865,0.03024303508296306,0.025024
aQ-11,0.04113955573264269,0.0418967790681992,0.030864
aQ-10,0.038375336188863435,0.03880429202834618,0.036316
aQ-9,0.044401832851877675,0.04428360382125326,0.040626
aQ-8,0.04509911345751569,0.04437019673453995,0.038608
aQ-7,0.02273632831955374,0.022882507393420647,0.02755
aQ-6,0.04024305209682239,0.03937191893197793,0.049414
aQ-5,0.04519872497260683,0.045154244303775716,0.070556
aQ-4,0.001494172726367168,0.0015980887549566771,0.004312
aQ-3,0.7017382209383405,0.7012172730937827,0.665844
aQ-2,0.0,3.330801422636872e-05,0.000168
aQ-1,0.0,0.0,0.0
aR0,0.0,0.0,0.0
aR1,0.000373543181591792,0.0005168099583733175,0.002468
aR2,0.001693395756549457,0.0020657358585566008,0.013702
aR3,0.07807052495268453,0.07773634712708474,0.098626
aR4,0.04875983663711525,0.04859739233946002,0.085142
aR5,0.08823089949198128,0.08854157462142082,0.108402
aR6,0.09557724872995318,0.09497330379735008,0.121062
aR7,0.07069927283593984,0.07087070010177982,0.102866
aR8,0.0504781352724375,0.05052164039912608,0.080178
aR9,0.03351927482817014,0.03366003175824452,0.058468
aR10,0.018104392867815518,0.018187010842342075,0.039356
aR11,0.008765813328020719,0.008552128352780863,0.024438
aR12,0.0032622771192349835,0.0031818673918604426,0.014422
aR13,0.0015937842414583125,0.001435511845408789,0.007594
aR14,0.0006972806056380117,0.0006721704563067698,0.00419
aR15,0.00019922303018228907,0.00023206789370643337,0.00213
aR16,9.961151509114453e-05,9.715720356730603e-05,0.001028
aR17,4.980575754557227e-05,4.9065601493728155e-05,0.000486
aR18,0.0,1.7982515407663277e-05,0.000196
aR19,0.0,8.684129401373548e-06,9.2e-05
aR20,0.0,7.238235045382013e-06,4.6e-05
aR21,0.0,1.3049856404792498e-06,1.8e-05
aR22,0.0,2.626651063933658e-08,4e-06
aR23,0.0,0.0,0.0
aR24,0.0,0.0,0.0
aR-25,0.0,1.820010811574616e-06,6e-06
aR-24,0.0,2.577867687782191e-06,1.6e-05
aR-23,0.0,6.7559831844990966e-06,4.4e-05
aR-22,9.961151509114453e-05,1.2875494242800062e-05,9.6e-05
aR-21,2.4902878772786134e-05,2.4709924992262378e-05,0.000232
aR-20,4.980575754557227e-05,5.855271292203053e-05,0.000636
aR-19,0.00019922303018228907,0.00016355552670020194,0.00118
aR-18,0.0004482518179101504,0.0003870615050452875,0.00237
aR-17,0.0006225719693196533,0.000628292984752399,0.004722
aR-16,0.00186771590795896,0.0017389103924594534,0.008808
aR-15,0.00418368363382807,0.004081195732247212,0.015614
aR-14,0.008865424843111864,0.008995223576047083,0.025634
aR-13,0.01887638210977189,0.018943920579874738,0.04055
aR-12,0.03747883255304313,0.03778279596012605,0.059348
aR-11,0.05443769299731049,0.05457182655078763,0.08019
aR-10,0.07450941328817612,0.0740988138379885,0.100246
aR-9,0.0876332304014344,0.08723596740491317,0.115226
aR-8,0.08145731646578344,0.08199352554820978,0.11518
aR-7,0.07341368662217353,0.0728761553981566,0.099228
aR-6,0.04039246936945911,0.04043597253874107,0.054124
aR-5,0.011754158780755055,0.011704361828198815,0.021688
aR-4,0.0025151907560513995,0.0026516312996857365,0.010552
aR-3,0.0011704353023209483,0.0012648878155532965,0.008
aR-2,0.00017432015140950293,0.0002535119383664344,0.001148
aR-1,0.0,9.754668168588799e-06,7e-05
aS0,0.0,0.0,0.0
aS1,0.08389779858551649,0.08230164462037906,0.091878
aS2,0.836985755553342,0.8382486757442564,0.793496
aS3,0.790990138460006,0.7913895097010727,0.715162
aS4,0.06947903177607331,0.06891364754179478,0.063422
aS5,0.0842464388883355,0.08422735412565135,0.076524
aS6,0.07428528737922103,0.07429970627515756,0.071878
aS7,0.09109473055085168,0.09232918214830796,0.072348
aS8,0.08317561510110569,0.08405494567768057,0.071674
aS9,0.06444865026397051,0.06496879537739032,0.0651
aS10,0.0398695089152306,0.041114318337535156,0.053978
aS11,0.021615698774778366,0.02173209111436359,0.040088
aS12,0.010284888933160673,0.010124938782149276,0.02712
aS13,0.003934654846100209,0.00392690329468099,0.017218
aS14,0.0018428130291861739,0.0019267594665269966,0.009858
aS15,0.0009961151509114453,0.000932690761893194,0.005486
aS16,0.0002988345452734336,0.0003635084576430457,0.002892
aS17,0.0001494172726367168,0.00017150555223805278,0.001448
aS18,0.0,7.19103618482593e-05,0.000672
aS19,4.980575754557227e-05,4.6257592196675996e-05,0.000322
aS20,0.0,1.9779192589017523e-05,0.000144
aS21,0.0,1.8614629454702704e-05,7.6e-05
aS22,2.4902878772786134e-05,1.004433562465955e-05,3.6e-05
aS23,0.0,1.8172193105990523e-06,1.2e-05
aS24,0.0,1.8002244687719045e-06,8e-06
aS-25,2.4902878772786134e-05,4.4681885170748285e-05,0.00025
aS-24,7.47086363183584e-05,7.885088134005525e-05,0.000604
aS-23,7.47086363183584e-05,0.00014111559250797636,0.001392
aS-22,0.00032373742404621974,0.0003380705375479897,0.003076
aS-21,0.0007221834844107979,0.0007706567450474472,0.006294
aS-20,0.0016435899990038848,0.0016942025649253497,0.012408
aS-19,0.003884849088554637,0.0038830414788776396,0.023684
aS-18,0.009288773782249227,0.009165669628270603,0.043102
aS-17,0.022761231198326525,0.022191673392900336,0.073062
aS-16,0.052843908755852174,0.05258510965779877,0.11777
aS-15,0.11482717402131687,0.11630393196626541,0.17266
aS-14,0.2244745492578942,0.2280838013081009,0.228354
aS-13,0.3583524255403925,0.36135843681452107,0.269428
aS-12,0.40272935551349737,0.4029749671323983,0.2753
aS-11,0.3361888634326128,0.3326311394859095,0.24175
aS-10,0.23032672576949895,0.22794722644212598,0.185844
aS-9,0.139381412491284,0.13848487959951283,0.13297
aS-8,0.10491582826974798,0.10577974618326824,0.115572
aS-7,0.128200019922303,0.12871371245036875,0.142718
aS-6,0.09473055085167846,0.09546847450384635,0.089098
aS-5,0.028887339376431915,0.02943120295312891,0.034692
aS-4,0.002017133180595677,0.002074072570286327,0.005984
aS-3,0.0005229604542285088,0.0006740464865051315,0.003192
aS-2,0.00027393166650064747,0.0002951804517319501,0.001324
aS-1,0.00019922303018228907,3.7067001112241846e-05,0.000118
aT0,0.0,0.0,0.0
aT1,0.0006474748480924395,0.0005637548970556088,0.000862
aT2,0.03947106285486602,0.038792922282909266,0.050578
aT3,0.031825879071620676,0.03211793717585589,0.035598
aT4,0.03130291861739217,0.03137113032249045,0.036794
aT5,0.06923000298834545,0.0689571760622718,0.066348
aT6,0.0876332304014344,0.08884654766968578,0.079906
aT7,0.07762227313477438,0.07770224287466668,0.0815
aT8,0.08633828070524953,0.0866620771235904,0.084852
aT9,0.09615001494172726,0.09679716682078313,0.09108
aT10,0.1000348640302819,0.10012416151051452,0.09158
aT11,0.09291264070126506,0.09356788487695927,0.085476
aT12,0.06925490586711824,0.0699836085876702,0.071232
aT13,0.04512401633628847,0.04553755384225679,0.053332
aT14,0.021590795896005578,0.021489241184594273,0.037274
aT15,0.011106683932662616,0.010679385512426247,0.024506
aT16,0.004731546966829365,0.004965067713905614,0.0157
aT17,0.0022910648470963243,0.0023950370059766467,0.009002
aT18,0.0009712122721386592,0.0009587815840052551,0.005138
aT19,0.00032373742404621974,0.0003547918714196128,0.00274
aT20,0.00012451439386393067,0.00013208761377888313,0.001456
aT21,0.0,5.180084976969692e-05,0.000678
aT22,2.4902878772786134e-05,3.4277555955847864e-05,0.000322
aT23,2.4902878772786134e-05,2.050564590361859e-05,0.000164
aT24,0.0,9.14568772035423e-06,6.2e-05
aT-25,0.0,1.0783330978273943e-06,1e-05
aT-24,0.0,2.840419970998778e-06,2.8e-05
aT-23,0.0,1.8527881619341235e-05,8e-05
aT-22,0.0,2.046614249090926e-05,0.000158
aT-21,0.0,3.5850880713573695e-05,0.000348
aT-20,7.47086363183584e-05,0.00010418124576250134,0.000662
aT-19,0.00024902878772786134,0.00022083159580081643,0.001318
aT-18,0.00047315469668293654,0.00043152597131935306,0.002518
aT-17,0.001319852574957665,0.0012658982844571517,0.004656
aT-16,0.0016435899990038848,0.001781443937498525,0.007748
aT-15,0.0048560613606932965,0.0050388391727229954,0.0127
aT-14,0.00941328817611316,0.009267095627088566,0.018972
aT-13,0.01675963741408507,0.016749043663294702,0.027678
aT-12,0.029136368164159775,0.02918877457723609,0.038084
aT-11,0.04136368164159777,0.041299085079738354,0.049168
aT-10,0.055483613905767504,0.05636156289550324,0.058678
aT-9,0.07154597071421456,0.07207754206985952,0.062838
aT-8,0.07134674768403228,0.07135073612346278,0.060606
aT-7,0.047813527243749376,0.04746902825656494,0.05289
aT-6,0.15915429823687618,0.16056597256372918,0.149532
aT-5,0.06541986253610918,0.06547453017717175,0.06493
aT-4,0.220191254108975,0.22119156150862715,0.212168
aT-3,0.0004482518179101504,0.0006065228140326667,0.003406
aT-2,0.07206893116844307,0.07159687945150568,0.097018
aT-1,0.0,8.460789316412414e-06,4.8e-05
aV0,0.0,0.0,0.0
aV1,0.0008466978782747285,0.0005245521576210152,0.000438
aV2,0.02054487498754856,0.019899496216230893,0.013284
aV3,0.004133877876282498,0.004246934109814937,0.00644
aV4,0.038126307401135574,0.03802062833539598,0.04621
aV5,0.04998007769698177,0.049471743801833445,0.041952
aV6,0.03568582528140253,0.03510502771045751,0.029788
aV7,0.03195039346548461,0.031967964940927136,0.028606
aV8,0.030954278314573164,0.031429715252498026,0.027236
aV9,0.022337882259189163,0.0223408555169687,0.022908
aV10,0.012999302719394363,0.013203998761921777,0.017252
aV11,0.00836736726765614,0.008476197871827693,0.01259
aV12,0.00483115848192051,0.004725769772567086,0.009256
aV13,0.0034365972706444864,0.003253134344136054,0.006948
aV14,0.0019424245442773184,0.0019529328496657066,0.005096
aV15,0.0012451439386393067,0.0012318531839187858,0.003276
aV16,0.00039844606036457814,0.00040125446622574104,0.002104
aV17,0.00012451439386393067,0.00011210284118365643,0.00111
aV18,7.47086363183584e-05,5.68340154369973e-05,0.000704
aV19,0.0,1.6604541833467154e-05,0.000348
aV20,2.4902878772786134e-05,1.6269742247098345e-05,0.000176
aV21,0.0,7.995161455844656e-06,0.0001
aV22,0.0,3.968434413001555e-06,4.6e-05
aV23,0.0,5.273290898543531e-06,2.8e-05
aV24,2.4902878772786134e-05,1.650204432936099e-06,1.4e-05
aV-25,0.0,1.2522796694508116e-06,1e-05
aV-24,0.0,1.952628130238988e-06,8e-06
aV-23,0.0,4.854339893742618e-06,2.4e-05
aV-22,0.0,8.052738938531129e-06,6e-05
aV-21,0.0,1.2026094932003876e-05,0.00013
aV-20,0.0,4.506720536153731e-05,0.000258
aV-19,4.980575754557227e-05,8.422565811231555e-05,0.000574
aV-18,0.00012451439386393067,0.00018607834362529738,0.001152
aV-17,0.00024902878772786134,0.0002983112702823683,0.002148
aV-16,0.0007968921207291563,0.0009194715232648816,0.003768
aV-15,0.002017133180595677,0.0020134161441491827,0.006562
aV-14,0.004407809542783146,0.004541885325955044,0.010316
aV-13,0.009164259388385297,0.00912039171415665,0.015676
aV-12,0.016261579838629345,0.01668884768376297,0.020962
aV-11,0.029036756649068633,0.029075937518344853,0.025714
aV-10,0.036557426038450046,0.03553696627793979,0.0281
aV-9,0.03590995119035761,0.035453465632056355,0.031112
aV-8,0.03590995119035761,0.03542206496261682,0.034666
aV-7,0.043829066640103595,0.044379005707356235,0.03585
aV-6,0.029534814224524353,0.028871284386047684,0.023074
aV-5,0.007271640601653551,0.0071859731412322525,0.007436
aV-4,0.015788425141946408,0.015418334335395389,0.023606
aV-3,0.000747086363183584,0.0007621937254515643,0.003004
aV-2,0.00019922303018228907,0.0002916528315912942,0.00115
aV-1,0.00017432015140950293,0.00015103763931395664,0.000556
aW0,0.0,0.0,0.0
aW1,0.0,1.3861240488010052e-05,5e-05
aW2,0.015639007869309694,0.015362440160838918,0.00942
aW3,0.0016186871202310987,0.0016860820021962707,0.002836
aW4,0.014593086960852675,0.014792817700620861,0.017172
aW5,0.01977288574559219,0.019586934524646177,0.015158
aW6,0.019299731048909256,0.019770525034620835,0.014186
aW7,0.011305906962844905,0.01150717410606034,0.011186
aW8,0.009114453630839726,0.009067280813716173,0.009268
aW9,0.006649068632333898,0.006686736613217197,0.007292
aW10,0.004233489391373643,0.004572688893365697,0.00578
aW11,0.002241259089550752,0.001996206478974842,0.003908
aW12,0.0008217949995019424,0.0007350336549175846,0.002444
aW13,0.00034864030281900587,0.0003000341483014188,0.001288
aW14,0.0001494172726367168,0.00014281909530149627,0.000784
aW15,4.980575754557227e-05,6.70728324269183e-05,0.000402
aW16,4.980575754557227e-05,2.6134455607661984e-05,0.000212
aW17,2.4902878772786134e-05,9.705135041947896e-06,6.6e-05
aW18,2.4902878772786134e-05,9.146156305813307e-06,3.4e-05
aW19,0.0,4.632217984487564e-06,2.2e-05
aW20,2.4902878772786134e-05,1.019140016667361e-06,6e-06
aW21,0.0,1.3407115657072047e-07,4e-06
aW22,0.0,0.0,0.0
aW23,0.0,0.0,0.0
aW24,0.0,0.0,0.0
aW-25,0.0,5.720866907488384e-07,4e-06
aW-24,0.0,2.7278688724389136e-07,6e-06
aW-23,0.0,9.423057525877555e-07,6e-06
aW-22,0.0,3.4059999811985067e-06,1.8e-05
aW-21,0.0,6.655118236776607e-06,5e-05
aW-20,0.0,1.9135411121674853e-05,0.00011
aW-19,0.0,4.6274908787708245e-05,0.000242
aW-18,4.980575754557227e-05,7.492883496957173e-05,0.000408
aW-17,7.47086363183584e-05,0.0001652154077192933,0.000814
aW-16,0.0005229604542285088,0.0004723479335232228,0.001468
aW-15,0.0009961151509114453,0.0011376941866891087,0.002372
aW-14,0.002216356210777966,0.002272789857458007,0.003818
aW-13,0.004557226815419863,0.004810444859224939,0.005758
aW-12,0.007819503934654847,0.007737799249607804,0.008154
aW-11,0.01359697180994123,0.013644237605493263,0.010708
aW-10,0.019474051200318757,0.019747917770128454,0.012996
aW-9,0.017108277716904072,0.017053218237523034,0.014496
aW-8,0.012775176810439286,0.012828326292839599,0.014554
aW-7,0.012326924992529137,0.012218113566482886,0.01231
aW-6,0.009388385297340372,0.009002426299095081,0.006178
aW-5,0.003934654846100209,0.0038001716833261758,0.003454
aW-4,0.000747086363183584,0.0007945889709244571,0.001532
aW-3,0.000373543181591792,0.0004578478157299657,0.001964
aW-2,0.0,4.280389031920638e-05,9.6e-05
aW-1,0.0,0.0,0.0
aY0,0.0,0.0,0.0
aY1,0.0,1.780225560214643e-05,5.2e-05
aY2,0.0001494172726367168,0.00023455601619590784,0.000578
aY3,0.001494172726367168,0.0013753696807420408,0.002422
aY4,0.05037852375734635,0.05005011898934224,0.03638
aY5,0.015290367566490687,0.015203073195474951,0.014906
aY6,0.018054587110269946,0.017529539532167952,0.018852
aY7,0.03267257694989541,0.032108622665191225,0.029854
aY8,0.07050004980575754,0.06980561887572549,0.04884
aY9,0.10655941826875187,0.10642303055532475,0.069938
aY10,0.12331905568283694,0.12241837886789982,0.09011
aY11,0.13367865325231595,0.13254107022414247,0.103996
aY12,0.14085068233887837,0.1404168958559769,0.106552
aY13,0.1298436099213069,0.12914121996917582,0.098008
aY14,0.07916625161868712,0.07987185500037562,0.078818
aY15,0.03899790815818309,0.04004478283011378,0.05709
aY16,0.017531626656041438,0.017547940739834317,0.037546
aY17,0.007196931965335193,0.006835815519701272,0.023022
aY18,0.002789122422552047,0.002957030417492894,0.013178
aY19,0.0011704353023209483,0.0012401976285618126,0.007108
aY20,0.0005478633330012949,0.0005393961636313771,0.003762
aY21,0.0001494172726367168,0.00021289945210234648,0.001858
aY22,4.980575754557227e-05,8.391414087546267e-05,0.00088
aY23,4.980575754557227e-05,4.119876862678828e-05,0.00038
aY24,0.0,1.7720885720945128e-05,0.000162
aY-25,0.0,4.637138705392413e-07,2e-06
aY-24,0.0,7.678794827388973e-07,2e-06
aY-23,0.0,3.7474306425567017e-06,1.8e-05
aY-22,0.0,6.309937313867282e-06,3.6e-05
aY-21,0.0,7.499928597740424e-06,5.8e-05
aY-20,2.4902878772786134e-05,1.867631279912766e-05,0.000154
aY-19,7.47086363183584e-05,4.8047091666318114e-05,0.000264
aY-18,0.00019922303018228907,0.00014401320458153554,0.000588
aY-17,0.00032373742404621974,0.0003186481762902044,0.001076
aY-16,0.0008466978782747285,0.0007909929289914211,0.00206
aY-15,0.001294949696184879,0.0013394018078810611,0.003166
aY-14,0.002266161968323538,0.002368565359457243,0.005188
aY-13,0.004980575754557227,0.005351115967265636,0.00725
aY-12,0.010982169538798684,0.011280958440749349,0.00996
aY-11,0.01481721286980775,0.015306878762346456,0.010882
aY-10,0.01745691801972308,0.017640884295152988,0.011006
aY-9,0.014842115748580536,0.014452495311471953,0.010502
aY-8,0.013696583325032374,0.013690590973683362,0.015108
aY-7,0.024330112561012054,0.024205704855258855,0.021002
aY-6,0.09276322342862835,0.09286734750157247,0.089728
aY-5,0.2257196931965335,0.2240266398810439,0.174958
aY-4,0.0001494172726367168,0.00026844333485269504,0.000774
aY-3,0.05752564996513597,0.0556802302872413,0.047758
aY-2,0.48802171531028987,0.48684686534164356,0.43282
aY-1,0.0001494172726367168,2.1928106721069903e-05,5e-05
v15;j1-4,0.0006474748480924395,0.0005518914650006696,0.00057
v15;j2-2,0.0018926187867317461,0.0018899143200789986,0.00175
v15;j1-5,0.0014443669688215957,0.0013155461383937436,0.001544
v15;j2-7,0.004582129694192649,0.004391549060321263,0.003994
v15;j1-1,0.0016186871202310987,0.0014854887395495408,0.001492
v15;j2-5,0.0021416475744596075,0.0020253930981951377,0.00196
v15;j1-6,0.00032373742404621974,0.0003289835396580586,0.000454
v15;j1-2,0.0012700468174120928,0.001070237691319824,0.001022
v15;j2-4,0.0004482518179101504,0.0003835606971527141,0.000724
v15;j2-3,0.002266161968323538,0.0022214827498669605,0.00203
v15;j2-6,0.00032373742404621974,0.000318951087209717,0.000966
v15;j2-1,0.003361888634326128,0.003285880348291946,0.003752
v15;j1-3,0.0004482518179101504,0.00029868512892547677,0.000212
v19;j1-4,0.00042334893913736427,0.00034590876942535445,0.000396
v19;j2-2,0.0031128598465982667,0.002757587309195398,0.001226
v19;j1-5,0.0024653849985058272,0.0020444565329961178,0.00105
v19;j2-7,0.005428827572467377,0.005120769742218659,0.002758
v19;j1-1,0.0036856260583723478,0.0031769481114837686,0.00109
v19;j2-5,0.001294949696184879,0.0012557085865062387,0.001494
v19;j1-6,0.00019922303018228907,0.00022568226585838362,0.000314
v19;j1-2,0.0016186871202310987,0.0012602322104391661,0.000724
v19;j2-4,0.0004980575754557227,0.00040022266922668166,0.000522
v19;j2-3,0.0018926187867317461,0.0018819217005780341,0.001672
v19;j2-6,0.00047315469668293654,0.0003522306113193668,0.00065
v19;j2-1,0.006723777268652256,0.006280022373357407,0.002698
v19;j1-3,0.0001494172726367168,0.00014728755639029998,0.000162
v23-1;j1-4,0.0,0.0,0.0
v23-1;j2-2,0.0,0.0,0.0
v23-1;j1-5,0.0,0.0,0.0
v23-1;j2-7,0.0,0.0,0.0
v23-1;j1-1,0.0,0.0,0.0
v23-1;j2-5,0.0,0.0,0.0
v23-1;j1-6,0.0,0.0,0.0
v23-1;j1-2,0.0,0.0,0.0
v23-1;j2-4,0.0,0.0,0.0
v23-1;j2-3,0.0,0.0,0.0
v23-1;j2-6,0.0,0.0,0.0
v23-1;j2-1,0.0,0.0,0.0
v23-1;j1-3,0.0,0.0,0.0
v20-1;j1-4,0.0008217949995019424,0.0009954076629879846,0.002068
v20-1;j2-2,0.004482518179101504,0.00485379402495695,0.007106
v20-1;j1-5,0.0031128598465982667,0.0032031821613748455,0.00559
v20-1;j2-7,0.019548759836637116,0.0195683582973317,0.015346
v20-1;j1-1,0.002789122422552047,0.0028530181059429334,0.005704
v20-1;j2-5,0.005005478633330013,0.0049148765432167184,0.007744
v20-1;j1-6,0.0011455324235481621,0.0012224298786728124,0.00174
v20-1;j1-2,0.0029136368164159776,0.0029144894435480877,0.0038
v20-1;j2-4,0.0014443669688215957,0.001423721653643578,0.002762
v20-1;j2-3,0.006300428329514892,0.006385385275845883,0.008064
v20-1;j2-6,0.0006474748480924395,0.0008143167298398312,0.003808
v20-1;j2-1,0.01165454726566391,0.01140128136680717,0.014306
v20-1;j1-3,0.0005976690905468672,0.0006636643666721959,0.000908
v11-3;j1-4,4.980575754557227e-05,0.00015471832169360373,0.000288
v11-3;j2-2,0.0005976690905468672,0.0007579856714922883,0.000844
v11-3;j1-5,4.980575754557227e-05,0.00023661779114451302,0.00075
v11-3;j2-7,0.0006474748480924395,0.0009262858054238499,0.002028
v11-3;j1-1,9.961151509114453e-05,0.00032111971076137345,0.000778
v11-3;j2-5,0.00042334893913736427,0.0005571322977766024,0.001054
v11-3;j1-6,4.980575754557227e-05,0.00013031708293549082,0.00022
v11-3;j1-2,7.47086363183584e-05,0.0002570276295803567,0.000564
v11-3;j2-4,2.4902878772786134e-05,0.00013760682002966692,0.000318
v11-3;j2-3,0.00047315469668293654,0.0006323253570990804,0.001082
v11-3;j2-6,0.0,0.00013148268602072928,0.000474
v11-3;j2-1,0.0012202410598665205,0.0012516647075682384,0.001874
v11-3;j1-3,2.4902878772786134e-05,9.998058139833025e-05,0.000108
v6-6;j1-4,0.00042334893913736427,0.0003217268510663897,0.000368
v6-6;j2-2,0.0010210180296842315,0.0010851827717528596,0.001114
v6-6;j1-5,0.0006723777268652256,0.0006464334877652522,0.000942
v6-6;j2-7,0.0026646080286881163,0.0027700351501216934,0.002566
v6-6;j1-1,0.0009961151509114453,0.0009584429493335131,0.00093
v6-6;j2-5,0.001294949696184879,0.001271644343638496,0.001262
v6-6;j1-6,0.00027393166650064747,0.00023961425140730993,0.000272
v6-6;j1-2,0.0008965036358203008,0.0008110899803854973,0.000588
v6-6;j2-4,0.0002241259089550752,0.0002573642114850612,0.000418
v6-6;j2-3,0.0018179101504133877,0.0017550994426998145,0.00131
v6-6;j2-6,0.00027393166650064747,0.00026589930633623133,0.000542
v6-6;j2-1,0.0017182986353222432,0.00179617893915299,0.002122
v6-6;j1-3,0.00017432015140950293,0.0001724223053970872,0.000158
v7-6;j1-4,0.00034864030281900587,0.0003026489370093199,0.0003
v7-6;j2-2,0.0027144137862336886,0.002665168948463878,0.001014
v7-6;j1-5,0.0006474748480924395,0.0005850074725978512,0.000796
v7-6;j2-7,0.0056778563601952384,0.00538632688295389,0.002088
v7-6;j1-1,0.0019175216655045323,0.001715211618124891,0.000808
v7-6;j2-5,0.0023159677258691104,0.0020140026421529983,0.001144
v7-6;j1-6,0.0004482518179101504,0.0003580086304489355,0.000242
v7-6;j1-2,0.0007968921207291563,0.0006923236261463148,0.000556
v7-6;j2-4,0.0001494172726367168,0.00023055380937085437,0.000428
v7-6;j2-3,0.0028887339376431915,0.0027547002653201887,0.00123
v7-6;j2-6,0.00039844606036457814,0.0002897761486169891,0.00052
v7-6;j2-1,0.004407809542783146,0.004208925940400678,0.002018
v7-6;j1-3,0.0002988345452734336,0.0001740441596388719,0.00012
v12-2;j1-4,0.0,0.0,0.0
v12-2;j2-2,0.0,0.0,0.0
v12-2;j1-5,0.0,0.0,0.0
v12-2;j2-7,0.0,0.0,0.0
v12-2;j1-1,0.0,0.0,0.0
v12-2;j2-5,0.0,0.0,0.0
v12-2;j1-6,0.0,0.0,0.0
v12-2;j1-2,0.0,0.0,0.0
v12-2;j2-4,0.0,0.0,0.0
v12-2;j2-3,0.0,0.0,0.0
v12-2;j2-6,0.0,0.0,0.0
v12-2;j2-1,0.0,0.0,0.0
v12-2;j1-3,0.0,0.0,0.0
v12-3;j1-4,0.0012202410598665205,0.0009772668307505706,0.000606
v12-3;j2-2,0.004208586512600857,0.004092592194813397,0.001982
v12-3;j1-5,0.0025400936348241856,0.002207190569786562,0.001528
v12-3;j2-7,0.00978683135770495,0.009291695114865006,0.004328
v12-3;j1-1,0.003561111664508417,0.003391626007137711,0.001526
v12-3;j2-5,0.004681741209283793,0.004452136977602604,0.002222
v12-3;j1-6,0.0006972806056380117,0.0007242987083867169,0.000516
v12-3;j1-2,0.002789122422552047,0.0024966969061088503,0.001082
v12-3;j2-4,0.0007968921207291563,0.0006933501429951363,0.000742
v12-3;j2-3,0.005179798784739516,0.005191134831940944,0.002356
v12-3;j2-6,0.0006723777268652256,0.0005636788569620545,0.001018
v12-3;j2-1,0.00747086363183584,0.007151008642261174,0.003996
v12-3;j1-3,0.0006972806056380117,0.0004629978758813962,0.000244
v5-3;j1-4,0.0,0.0,0.0
v5-3;j2-2,0.0,0.0,0.0
v5-3;j1-5,0.0,0.0,0.0
v5-3;j2-7,0.0,0.0,0.0
v5-3;j1-1,0.0,0.0,0.0
v5-3;j2-5,0.0,0.0,0.0
v5-3;j1-6,0.0,0.0,0.0
v5-3;j1-2,0.0,0.0,0.0
v5-3;j2-4,0.0,0.0,0.0
v5-3;j2-3,0.0,0.0,0.0
v5-3;j2-6,0.0,0.0,0.0
v5-3;j2-1,0.0,0.0,0.0
v5-3;j1-3,0.0,0.0,0.0
v7-1;j1-4,0.0,0.0,0.0
v7-1;j2-2,0.0,0.0,0.0
v7-1;j1-5,0.0,0.0,0.0
v7-1;j2-7,0.0,0.0,0.0
v7-1;j1-1,0.0,0.0,0.0
v7-1;j2-5,0.0,0.0,0.0
v7-1;j1-6,0.0,0.0,0.0
v7-1;j1-2,0.0,0.0,0.0
v7-1;j2-4,0.0,0.0,0.0
v7-1;j2-3,0.0,0.0,0.0
v7-1;j2-6,0.0,0.0,0.0
v7-1;j2-1,0.0,0.0,0.0
v7-1;j1-3,0.0,0.0,0.0
v12-1;j1-4,0.0,0.0,0.0
v12-1;j2-2,0.0,0.0,0.0
v12-1;j1-5,0.0,0.0,0.0
v12-1;j2-7,0.0,0.0,0.0
v12-1;j1-1,0.0,0.0,0.0
v12-1;j2-5,0.0,0.0,0.0
v12-1;j1-6,0.0,0.0,0.0
v12-1;j1-2,0.0,0.0,0.0
v12-1;j2-4,0.0,0.0,0.0
v12-1;j2-3,0.0,0.0,0.0
v12-1;j2-6,0.0,0.0,0.0
v12-1;j2-1,0.0,0.0,0.0
v12-1;j1-3,0.0,0.0,0.0
v7-8;j1-4,0.0007968921207291563,0.0005479760158992325,0.000386
v7-8;j2-2,0.0018926187867317461,0.00187829192978369,0.001424
v7-8;j1-5,0.0013696583325032373,0.0012472848664752975,0.001072
v7-8;j2-7,0.006325331208287678,0.006049897460133636,0.002868
v7-8;j1-1,0.0015688813626855264,0.0014539623671583366,0.001102
v7-8;j2-5,0.003137762725371053,0.0029866034665355827,0.001524
v7-8;j1-6,0.0004482518179101504,0.0003347849073256041,0.000276
v7-8;j1-2,0.0008716007570475147,0.0008622487499124303,0.00078
v7-8;j2-4,0.0005727662117740811,0.0004826818448135218,0.000526
v7-8;j2-3,0.004233489391373643,0.004131024161685394,0.001588
v7-8;j2-6,0.00032373742404621974,0.000341106009718622,0.00073
v7-8;j2-1,0.005254507421057875,0.005144883141272051,0.002818
v7-8;j1-3,0.00042334893913736427,0.00029034955751459094,0.00017
v5-1;j1-4,0.0005976690905468672,0.0006593583465615069,0.001084
v5-1;j2-2,0.0028389281800976192,0.0031678371985516232,0.003742
v5-1;j1-5,0.0008217949995019424,0.0010579380622162456,0.00319
v5-1;j2-7,0.00831756151011057,0.008434676924469236,0.008432
v5-1;j1-1,0.004009363482418568,0.004013905327383067,0.003098
v5-1;j2-5,0.0027144137862336886,0.0028259062459005794,0.004306
v5-1;j1-6,0.000373543181591792,0.0005694489736699646,0.00096
v5-1;j1-2,0.0019175216655045323,0.001981888802749876,0.002198
v5-1;j2-4,0.0007221834844107979,0.0008281900438510673,0.001492
v5-1;j2-3,0.004457615300328718,0.004421748796744869,0.004724
v5-1;j2-6,0.0005229604542285088,0.000573368732406286,0.002064
v5-1;j2-1,0.006051399541787031,0.006111069059796468,0.007716
v5-1;j1-3,0.00027393166650064747,0.0004217825316137858,0.000498
v4-3;j1-4,0.0018428130291861739,0.0019219779132318487,0.001186
v4-3;j2-2,0.006200816814423748,0.0063946092529295825,0.004462
v4-3;j1-5,0.0023657734834146827,0.002218781457832693,0.003454
v4-3;j2-7,0.013148719992031078,0.013232993393185587,0.009554
v4-3;j1-1,0.0043829066640103595,0.004137017519150187,0.00339
v4-3;j2-5,0.004756449845602152,0.004629408491109163,0.004768
v4-3;j1-6,0.0015190756051399541,0.0014569888812430184,0.0011
v4-3;j1-2,0.00470664408805658,0.004326932261429669,0.002486
v4-3;j2-4,0.001294949696184879,0.0012971643485093875,0.001764
v4-3;j2-3,0.00747086363183584,0.0074555987405901195,0.005066
v4-3;j2-6,0.0007719892419563701,0.0008829127775032294,0.002492
v4-3;j2-1,0.01075804362984361,0.010574252402385206,0.008864
v4-3;j1-3,0.0008965036358203008,0.0008662984967110927,0.000542
v6-9;j1-4,0.0,3.442488954397944e-05,4.4e-05
v6-9;j2-2,2.4902878772786134e-05,0.00011405820682683358,0.000158
v6-9;j1-5,0.0,4.245724211145713e-05,8.6e-05
v6-9;j2-7,4.980575754557227e-05,0.00019213375042846265,0.000306
v6-9;j1-1,0.0,6.695169776416992e-05,0.000106
v6-9;j2-5,2.4902878772786134e-05,0.00010839245901450631,0.000168
v6-9;j1-6,0.0,4.1799554864660136e-05,5e-05
v6-9;j1-2,0.0,7.170889203291041e-05,7.8e-05
v6-9;j2-4,2.4902878772786134e-05,2.85120290425163e-05,5e-05
v6-9;j2-3,0.0,9.55174489249955e-05,0.000146
v6-9;j2-6,0.0,3.732332407927633e-05,6.8e-05
v6-9;j2-1,2.4902878772786134e-05,0.00014313645882637387,0.000262
v6-9;j1-3,0.0,2.3417993420479812e-05,2.2e-05
v13;j1-4,0.0004482518179101504,0.00026074752001708075,0.00015
v13;j2-2,0.0009214065145930869,0.0007995621474326489,0.000518
v13;j1-5,0.0004980575754557227,0.00038008364934618584,0.000376
v13;j2-7,0.006001593784241459,0.005753119777877746,0.001146
v13;j1-1,0.0012202410598665205,0.000932093251330804,0.000394
v13;j2-5,0.0015190756051399541,0.001310433197210696,0.000562
v13;j1-6,0.00024902878772786134,0.00012072132724000363,0.00011
v13;j1-2,0.0009463093933658731,0.000673057147053466,0.000276
v13;j2-4,0.00024902878772786134,0.00013507835808297048,0.000182
v13;j2-3,0.002614802271142544,0.0021157147785324016,0.000596
v13;j2-6,0.00017432015140950293,0.00015297000315680324,0.000266
v13;j2-1,0.0032373742404621974,0.0029152934967896556,0.000976
v13;j1-3,7.47086363183584e-05,7.193668413822991e-05,7.4e-05
v6-1;j1-4,0.0002988345452734336,0.00018634961537657862,0.000194
v6-1;j2-2,0.0008716007570475147,0.0009023753132478422,0.00078
v6-1;j1-5,0.000747086363183584,0.0006153363072610449,0.00072
v6-1;j2-7,0.0026895109074609024,0.0024849425703649974,0.001728
v6-1;j1-1,0.000747086363183584,0.0006962950131118096,0.000706
v6-1;j2-5,0.0006723777268652256,0.000709275063931131,0.000938
v6-1;j1-6,0.0001494172726367168,0.00015622675459676613,0.00021
v6-1;j1-2,0.0007719892419563701,0.0005550684746720977,0.00046
v6-1;j2-4,0.00034864030281900587,0.0002372720636640971,0.00032
v6-1;j2-3,0.001319852574957665,0.0012389786715377147,0.000934
v6-1;j2-6,0.00012451439386393067,0.00015353999358986163,0.000424
v6-1;j2-1,0.0014692698475943819,0.0013683398977958298,0.001616
v6-1;j1-3,2.4902878772786134e-05,7.803079443221898e-05,8.2e-05
v6-4;j1-4,4.980575754557227e-05,0.00017050874443331378,0.00037
v6-4;j2-2,0.0002241259089550752,0.0004891767555645497,0.001342
v6-4;j1-5,0.00012451439386393067,0.00029961617266578895,0.001062
v6-4;j2-7,0.00027393166650064747,0.0006822942097697136,0.003222
v6-4;j1-1,0.00017432015140950293,0.0003937901691431114,0.001156
v6-4;j2-5,9.961151509114453e-05,0.00035410628686131007,0.00155
v6-4;j1-6,2.4902878772786134e-05,0.00015328301901225958,0.000366
v6-4;j1-2,0.0001494172726367168,0.00029169863267400337,0.000748
v6-4;j2-4,9.961151509114453e-05,0.00021623995942985359,0.000592
v6-4;j2-3,0.00039844606036457814,0.000652488745470939,0.00166
v6-4;j2-6,2.4902878772786134e-05,0.00017603409933141418,0.000848
v6-4;j2-1,0.0006723777268652256,0.0009122429686031921,0.002852
v6-4;j1-3,0.0,0.0001316418183552474,0.000206
v7-2;j1-4,0.0008217949995019424,0.0010376219029600618,0.002322
v7-2;j2-2,0.0028638310588704054,0.003152338407644648,0.007558
v7-2;j1-5,0.0019175216655045323,0.002143245119389647,0.006166
v7-2;j2-7,0.012800079689212073,0.012926470426157435,0.017146
v7-2;j1-1,0.0024902878772786134,0.0026926924993112287,0.006136
v7-2;j2-5,0.0043829066640103595,0.004412650767246039,0.008508
v7-2;j1-6,0.0008716007570475147,0.0009977673583835426,0.001926
v7-2;j1-2,0.0024902878772786134,0.0026022349922722805,0.004186
v7-2;j2-4,0.0010708237872298037,0.0012722724288882932,0.002994
v7-2;j2-3,0.006499651359697181,0.006311452387053122,0.009216
v7-2;j2-6,0.0006972806056380117,0.0008576966232935364,0.004244
v7-2;j2-1,0.007570475146926985,0.007653162704999592,0.015938
v7-2;j1-3,0.0007968921207291563,0.0009120325389170826,0.000862
v16;j1-4,2.4902878772786134e-05,8.285762720289688e-06,8e-06
v16;j2-2,0.00012451439386393067,3.199784152955774e-05,1.8e-05
v16;j1-5,0.0001494172726367168,2.846014517351954e-05,2e-05
v16;j2-7,0.00032373742404621974,0.00010009910664575555,3.2e-05
v16;j1-1,0.0002988345452734336,1.2153569750068994e-06,4e-06
v16;j2-5,9.961151509114453e-05,1.495314727767101e-05,1.8e-05
v16;j1-6,0.0,9.461530381528484e-06,6e-06
v16;j1-2,0.00017432015140950293,1.0927607156544338e-05,1e-05
v16;j2-4,2.4902878772786134e-05,1.3336745946917617e-05,1.2e-05
v16;j2-3,0.00012451439386393067,3.213327985603538e-05,2.6e-05
v16;j2-6,2.4902878772786134e-05,5.756656923205446e-06,1.8e-05
v16;j2-1,0.00012451439386393067,6.164549017548734e-05,5.8e-05
v16;j1-3,2.4902878772786134e-05,6.3290336879544365e-06,2e-06
v5-5;j1-4,0.0002241259089550752,0.00027331319965201466,0.0004
v5-5;j2-2,0.0010459209084570176,0.001141962798764256,0.001212
v5-5;j1-5,0.0008466978782747285,0.0007578548496789624,0.001024
v5-5;j2-7,0.002814025301324833,0.0029192802745016877,0.002676
v5-5;j1-1,0.0011455324235481621,0.0010697338033312232,0.000986
v5-5;j2-5,0.0008466978782747285,0.0009345048450472808,0.001396
v5-5;j1-6,0.0002988345452734336,0.0002978694406555019,0.000296
v5-5;j1-2,0.0006225719693196533,0.0006187378947700415,0.000696
v5-5;j2-4,0.0002241259089550752,0.00030345595191821125,0.00048
v5-5;j2-3,0.0012451439386393067,0.001331332911539232,0.001496
v5-5;j2-6,0.00017432015140950293,0.00021730283759432395,0.000612
v5-5;j2-1,0.0018179101504133877,0.001897459720975091,0.002452
v5-5;j1-3,9.961151509114453e-05,0.0001487599755422596,0.000146
v7-3;j1-4,2.4902878772786134e-05,0.0003556568317430115,0.001802
v7-3;j2-2,0.002066938938141249,0.0023036836063001277,0.00618
v7-3;j1-5,0.0002241259089550752,0.0006153578144170507,0.00498
v7-3;j2-7,0.0018179101504133877,0.0024617644791694996,0.014202
v7-3;j1-1,0.0012202410598665205,0.0014873000159664799,0.005204
v7-3;j2-5,0.0012202410598665205,0.001565556907585483,0.006948
v7-3;j1-6,0.00027393166650064747,0.0005274997314202535,0.001506
v7-3;j1-2,0.00034864030281900587,0.0007322863798035288,0.003596
v7-3;j2-4,0.00012451439386393067,0.0004227314272266099,0.00249
v7-3;j2-3,0.002988345452734336,0.0031859746608622046,0.007674
v7-3;j2-6,0.0002988345452734336,0.0005853051749165876,0.0035
v7-3;j2-1,0.00405916923996414,0.004388568540294713,0.013238
v7-3;j1-3,0.00017432015140950293,0.00036696174317223665,0.00078
v7-7;j1-4,4.980575754557227e-05,0.00013402901794898244,0.00024
v7-7;j2-2,0.0005478633330012949,0.0006312027521172851,0.000702
v7-7;j1-5,2.4902878772786134e-05,0.00019506138281422117,0.000658
v7-7;j2-7,0.00047315469668293654,0.0007432761878539775,0.001566
v7-7;j1-1,0.00012451439386393067,0.0002963308537067443,0.000608
v7-7;j2-5,0.0005478633330012949,0.0006203532392880603,0.000812
v7-7;j1-6,2.4902878772786134e-05,0.0001266713742509927,0.000174
v7-7;j1-2,4.980575754557227e-05,0.00022139528135817568,0.000422
v7-7;j2-4,0.0,0.0001113140053380384,0.000268
v7-7;j2-3,0.00034864030281900587,0.0004606102380431341,0.000898
v7-7;j2-6,2.4902878772786134e-05,0.00011215884736332364,0.000406
v7-7;j2-1,0.0005976690905468672,0.0007773738771737046,0.001372
v7-7;j1-3,0.0,7.621455816934436e-05,8.4e-05
v9;j1-4,0.00039844606036457814,0.0005172221353302055,0.001186
v9;j2-2,0.0036358203008267755,0.003737092146455086,0.004166
v9;j1-5,0.000747086363183584,0.0009030288188351042,0.003392
v9;j2-7,0.008068532722382707,0.008301185747309772,0.009392
v9;j1-1,0.0029385396951887638,0.002896245259049814,0.003458
v9;j2-5,0.0036109174220539894,0.0036791686909969563,0.00484
v9;j1-6,0.0007719892419563701,0.0007782570727048267,0.0011
v9;j1-2,0.002017133180595677,0.001947880129616742,0.0023
v9;j2-4,0.0006972806056380117,0.0007178000975818895,0.001706
v9;j2-3,0.0049307699970116544,0.004853852880520309,0.004996
v9;j2-6,0.0006972806056380117,0.00076048571388949,0.002328
v9;j2-1,0.007944018328518777,0.007993888759596833,0.008686
v9;j1-3,0.0006474748480924395,0.0005991514811389057,0.000548
v6-3;j1-4,0.0,0.00014018667885888278,0.000252
v6-3;j2-2,0.0,0.00028820255505049904,0.000956
v6-3;j1-5,2.4902878772786134e-05,0.0002074459302400714,0.000766
v6-3;j2-7,0.0,0.0003939556492284549,0.002022
v6-3;j1-1,0.0,0.00024339693734677607,0.000738
v6-3;j2-5,0.0,0.0002766721773552006,0.000992
v6-3;j1-6,0.0,0.00012348630087100348,0.000262
v6-3;j1-2,0.0,0.00018926184339843508,0.000468
v6-3;j2-4,0.0,0.00013080431350512455,0.000358
v6-3;j2-3,0.0,0.00029951012900855347,0.001102
v6-3;j2-6,0.0,0.00012659292225527006,0.00048
v6-3;j2-1,2.4902878772786134e-05,0.00035666085808463787,0.00193
v6-3;j1-3,0.0,9.271323108685124e-05,0.000104
v26;j1-4,0.0,0.0,0.0
v26;j2-2,0.0,0.0,0.0
v26;j1-5,0.0,0.0,0.0
v26;j2-7,0.0,0.0,0.0
v26;j1-1,0.0,0.0,0.0
v26;j2-5,0.0,0.0,0.0
v26;j1-6,0.0,0.0,0.0
v26;j1-2,0.0,0.0,0.0
v26;j2-4,0.0,0.0,0.0
v26;j2-3,0.0,0.0,0.0
v26;j2-6,0.0,0.0,0.0
v26;j2-1,0.0,0.0,0.0
v26;j1-3,0.0,0.0,0.0
v4-1;j1-4,0.0011455324235481621,0.000983685175929575,0.000488
v4-1;j2-2,0.0032871799980077696,0.003153241325089305,0.001764
v4-1;j1-5,0.0026646080286881163,0.0023861864290716027,0.001412
v4-1;j2-7,0.010907460902480327,0.010606205473443299,0.003724
v4-1;j1-1,0.004009363482418568,0.0035600503141034836,0.001454
v4-1;j2-5,0.004233489391373643,0.0040136535605071345,0.001904
v4-1;j1-6,0.001319852574957665,0.0010302974848090788,0.000412
v4-1;j1-2,0.0025400936348241856,0.002275359871487269,0.000972
v4-1;j2-4,0.0008217949995019424,0.0007277554375716268,0.000668
v4-1;j2-3,0.004407809542783146,0.0042667698821007806,0.00199
v4-1;j2-6,0.0006225719693196533,0.0005563961614170571,0.000906
v4-1;j2-1,0.006400039844606037,0.006296362870367035,0.003478
v4-1;j1-3,0.0006972806056380117,0.0005175226859250037,0.00024
v3-2;j1-4,0.0,0.0,0.0
v3-2;j2-2,0.0,0.0,0.0
v3-2;j1-5,0.0,0.0,0.0
v3-2;j2-7,0.0,0.0,0.0
v3-2;j1-1,0.0,0.0,0.0
v3-2;j2-5,0.0,0.0,0.0
v3-2;j1-6,0.0,0.0,0.0
v3-2;j1-2,0.0,0.0,0.0
v3-2;j2-4,0.0,0.0,0.0
v3-2;j2-3,0.0,0.0,0.0
v3-2;j2-6,0.0,0.0,0.0
v3-2;j2-1,0.0,0.0,0.0
v3-2;j1-3,0.0,0.0,0.0
v6-8;j1-4,0.0,2.226922651645134e-05,2.2e-05
v6-8;j2-2,0.0,6.214424655395357e-05,6.8e-05
v6-8;j1-5,2.4902878772786134e-05,2.8907311635689652e-05,4.6e-05
v6-8;j2-7,2.4902878772786134e-05,0.00012630760923886336,0.000186
v6-8;j1-1,0.0,4.2511401766633275e-05,5.8e-05
v6-8;j2-5,2.4902878772786134e-05,5.422993764032268e-05,6.2e-05
v6-8;j1-6,0.0,1.9288805293022996e-05,2.6e-05
v6-8;j1-2,2.4902878772786134e-05,3.1082258142131347e-05,3e-05
v6-8;j2-4,2.4902878772786134e-05,2.2797207657771497e-05,2.4e-05
v6-8;j2-3,4.980575754557227e-05,7.24892709862142e-05,0.000102
v6-8;j2-6,0.0,1.7749557674732337e-05,5.2e-05
v6-8;j2-1,0.0,9.565508408722504e-05,0.000138
v6-8;j1-3,0.0,1.936068243800921e-05,1.6e-05
v14;j1-4,0.00017432015140950293,0.0002358959575276504,0.000338
v14;j2-2,0.0006474748480924395,0.0008805254615237022,0.001208
v14;j1-5,7.47086363183584e-05,0.00028183965206425945,0.000934
v14;j2-7,0.0011953381810937344,0.0013720955508852546,0.002606
v14;j1-1,0.0004482518179101504,0.000589268487402254,0.000992
v14;j2-5,0.0005478633330012949,0.000753693013709265,0.001376
v14;j1-6,0.00017432015140950293,0.00023633605043916282,0.000288
v14;j1-2,0.0002988345452734336,0.00044280320058450736,0.000696
v14;j2-4,0.00027393166650064747,0.0002639219358326796,0.000454
v14;j2-3,0.0008466978782747285,0.0010544849584776942,0.001412
v14;j2-6,2.4902878772786134e-05,0.00016640505213294976,0.000606
v14;j2-1,0.001494172726367168,0.0016149366431575355,0.002424
v14;j1-3,7.47086363183584e-05,0.0001313497973831447,0.000134
v2;j1-4,0.0007221834844107979,0.0005455340410317786,0.000408
v2;j2-2,0.002390676362187469,0.0022992220601426986,0.00131
v2;j1-5,0.0016435899990038848,0.001427530746155295,0.001132
v2;j2-7,0.007196931965335193,0.007015442338457768,0.00301
v2;j1-1,0.0022910648470963243,0.002052124304253823,0.00109
v2;j2-5,0.0025400936348241856,0.00236393746513661,0.001538
v2;j1-6,0.0006723777268652256,0.000448114523711379,0.000368
v2;j1-2,0.0019922303018228907,0.0017046085483598129,0.00073
v2;j2-4,0.0006225719693196533,0.000523900136294681,0.000616
v2;j2-3,0.0043081980276920015,0.003998116781873609,0.001684
v2;j2-6,0.0004482518179101504,0.0003807937316492324,0.000712
v2;j2-1,0.005005478633330013,0.0046628952955556175,0.002814
v2;j1-3,0.0006225719693196533,0.00037960559605006725,0.00018
v6-2;j1-4,0.00012451439386393067,0.00016007645990502302,0.000252
v6-2;j2-2,0.003336985755553342,0.003061587313040709,0.000936
v6-2;j1-5,0.0021167446956868213,0.0016583244924167568,0.000798
v6-2;j2-7,0.007968921207291563,0.007531376209663666,0.002034
v6-2;j1-1,0.002440482119733041,0.002235291119373603,0.000768
v6-2;j2-5,0.003137762725371053,0.0027224484848007422,0.001082
v6-2;j1-6,0.00024902878772786134,0.00024206365649034103,0.000228
v6-2;j1-2,0.001120629544775376,0.0008686122339171201,0.00047
v6-2;j2-4,0.0006225719693196533,0.00043439407255039603,0.000376
v6-2;j2-3,0.0030630540890526944,0.002834852224796654,0.001162
v6-2;j2-6,0.00039844606036457814,0.0002848826510965702,0.000532
v6-2;j2-1,0.007595378025699771,0.007089852749411326,0.002024
v6-2;j1-3,0.00017432015140950293,0.0001700821710402304,0.000124
v4-2;j1-4,0.0007221834844107979,0.0006981137209893887,0.00056
v4-2;j2-2,0.0023408706046418966,0.0023905682293723462,0.002124
v4-2;j1-5,0.0008965036358203008,0.0009410783612180556,0.001716
v4-2;j2-7,0.006773583026197828,0.006913728208902639,0.004564
v4-2;j1-1,0.0016186871202310987,0.0016996374429278616,0.00176
v4-2;j2-5,0.002042036059368463,0.002159891318436062,0.002324
v4-2;j1-6,0.0005478633330012949,0.0005426245608874427,0.000598
v4-2;j1-2,0.0011455324235481621,0.0012296738312381097,0.001172
v4-2;j2-4,0.00034864030281900587,0.0004866825551817395,0.000858
v4-2;j2-3,0.003536208785735631,0.003521174328906034,0.002656
v4-2;j2-6,0.00024902878772786134,0.00037781515899130204,0.001112
v4-2;j2-1,0.004432712421555932,0.004569199358609049,0.00438
v4-2;j1-3,0.0002988345452734336,0.0003477329213404245,0.000238
v30;j1-4,0.0002988345452734336,0.0002718381240232432,0.000268
v30;j2-2,0.0015190756051399541,0.0014405976424029451,0.000992
v30;j1-5,0.0008716007570475147,0.0007772702364093135,0.00067
v30;j2-7,0.004407809542783146,0.004174680051820129,0.001856
v30;j1-1,0.0019424245442773184,0.0017667317974730176,0.000742
v30;j2-5,0.0009214065145930869,0.0009174713793585817,0.000998
v30;j1-6,0.000373543181591792,0.0002946841897412547,0.00024
v30;j1-2,0.001120629544775376,0.0009244164965322212,0.000466
v30;j2-4,0.00017432015140950293,0.00019797955389119586,0.00034
v30;j2-3,0.0017681043928678155,0.0015966158531199506,0.001034
v30;j2-6,9.961151509114453e-05,0.00017362168951655507,0.000492
v30;j2-1,0.0028887339376431915,0.002755307505343179,0.001828
v30;j1-3,0.000373543181591792,0.0002820045542674874,0.000152
v10-1;j1-4,0.0,3.265150217765542e-06,4e-06
v10-1;j2-2,7.47086363183584e-05,3.880027054678076e-06,6e-06
v10-1;j1-5,2.4902878772786134e-05,9.11577592640829e-06,1e-05
v10-1;j2-7,0.00019922303018228907,4.9281433550591035e-05,2e-05
v10-1;j1-1,9.961151509114453e-05,1.6180726848865652e-05,1.2e-05
v10-1;j2-5,0.00012451439386393067,9.724537111819834e-06,6e-06
v10-1;j1-6,4.980575754557227e-05,0.0,0.0
v10-1;j1-2,7.47086363183584e-05,2.3393464464846325e-05,1.6e-05
v10-1;j2-4,4.980575754557227e-05,3.337492892026408e-06,2e-06
v10-1;j2-3,9.961151509114453e-05,2.1368940360672203e-05,1.6e-05
v10-1;j2-6,0.0,2.416718639037049e-07,2e-06
v10-1;j2-1,0.0002241259089550752,5.3178865682542955e-05,2.4e-05
v10-1;j1-3,0.0,0.0,0.0
v28;j1-4,0.0009463093933658731,0.0008632217157827863,0.00063
v28;j2-2,0.0034864030281900587,0.0035255763372502346,0.002262
v28;j1-5,0.0030381512102799083,0.0027728651753854026,0.001898
v28;j2-7,0.015365076202809044,0.015065459513502718,0.005178
v28;j1-1,0.003361888634326128,0.0032672302139970175,0.0018
v28;j2-5,0.0048560613606932965,0.004778138476875913,0.002492
v28;j1-6,0.0008716007570475147,0.0007487608841767991,0.00054
v28;j1-2,0.002764219543779261,0.0024819244428190236,0.001264
v28;j2-4,0.0007719892419563701,0.0006682215081536709,0.00085
v28;j2-3,0.005976690905468672,0.0057242500001381865,0.002652
v28;j2-6,0.0008965036358203008,0.0007681367657986963,0.001312
v28;j2-1,0.007670086662018129,0.007613232252178996,0.004722
v28;j1-3,0.0005478633330012949,0.0005057169250603024,0.000314
v7-4;j1-4,4.980575754557227e-05,0.00016953103654559432,0.000316
v7-4;j2-2,0.0,0.00030705404783988734,0.00098
v7-4;j1-5,2.4902878772786134e-05,0.0002035570983528042,0.000848
v7-4;j2-7,0.00012451439386393067,0.0005619681783302058,0.002492
v7-4;j1-1,2.4902878772786134e-05,0.00026658238977695747,0.000878
v7-4;j2-5,4.980575754557227e-05,0.0003018668250917707,0.001118
v7-4;j1-6,2.4902878772786134e-05,0.00016635163537488874,0.000292
v7-4;j1-2,2.4902878772786134e-05,0.00024877447409300807,0.00065
v7-4;j2-4,0.0,0.00014208605367753118,0.00044
v7-4;j2-3,2.4902878772786134e-05,0.0003271258932067133,0.001186
v7-4;j2-6,0.0,0.0001498279582724806,0.000558
v7-4;j2-1,2.4902878772786134e-05,0.00039532094336269894,0.002194
v7-4;j1-3,0.0,0.00010178623498097447,0.000122
v5-8;j1-4,0.0,2.8157140811365035e-05,1.8e-05
v5-8;j2-2,0.0001494172726367168,0.00010634342996698086,7.6e-05
v5-8;j1-5,0.00012451439386393067,4.156838673102246e-05,6.4e-05
v5-8;j2-7,0.00042334893913736427,0.000261019092929888,0.000126
v5-8;j1-1,7.47086363183584e-05,5.189045517191049e-05,5.4e-05
v5-8;j2-5,0.0001494172726367168,7.882032667292247e-05,7.2e-05
v5-8;j1-6,0.0,1.7572895960894225e-05,1.8e-05
v5-8;j1-2,0.0,2.391294701446427e-05,3.2e-05
v5-8;j2-4,2.4902878772786134e-05,1.621697118244465e-05,2e-05
v5-8;j2-3,0.00019922303018228907,0.0001309332987118545,9e-05
v5-8;j2-6,4.980575754557227e-05,1.9768003547255298e-05,4.4e-05
v5-8;j2-1,0.0004482518179101504,0.00024238485314341117,0.000128
v5-8;j1-3,2.4902878772786134e-05,1.2496513719653556e-05,8e-06
v17;j1-4,0.0,0.0,0.0
v17;j2-2,0.0,0.0,0.0
v17;j1-5,0.0,0.0,0.0
v17;j2-7,0.0,0.0,0.0
v17;j1-1,0.0,0.0,0.0
v17;j2-5,0.0,0.0,0.0
v17;j1-6,0.0,0.0,0.0
v17;j1-2,0.0,0.0,0.0
v17;j2-4,0.0,0.0,0.0
v17;j2-3,0.0,0.0,0.0
v17;j2-6,0.0,0.0,0.0
v17;j2-1,0.0,0.0,0.0
v17;j1-3,0.0,0.0,0.0
v5-4;j1-4,0.00017432015140950293,0.00023196311476273923,0.00034
v5-4;j2-2,0.001120629544775376,0.0011682310191607045,0.001126
v5-4;j1-5,0.0002241259089550752,0.0003529699008749607,0.000906
v5-4;j2-7,0.002614802271142544,0.0026934830530005284,0.002502
v5-4;j1-1,0.0009712122721386592,0.0009654084225414567,0.000826
v5-4;j2-5,0.0010210180296842315,0.0010654706606445796,0.001234
v5-4;j1-6,0.0002241259089550752,0.00023895283645655762,0.000248
v5-4;j1-2,0.0010957266660025899,0.0009191633720497627,0.00059
v5-4;j2-4,0.0002241259089550752,0.0002978035356091116,0.000472
v5-4;j2-3,0.0014194640900488096,0.0013932577706735664,0.001426
v5-4;j2-6,9.961151509114453e-05,0.00018436860285767014,0.000586
v5-4;j2-1,0.0017681043928678155,0.0018576666081121286,0.002304
v5-4;j1-3,0.00017432015140950293,0.00015695062294899295,0.000144
v27;j1-4,0.0013945612112760235,0.0013023260659421982,0.001144
v27;j2-2,0.005453730451240164,0.005781617832717289,0.00383
v27;j1-5,0.004457615300328718,0.004092854087102495,0.00312
v27;j2-7,0.01673473453531228,0.016664192919664828,0.00847
v27;j1-1,0.005179798784739516,0.004819227012786702,0.003138
v27;j2-5,0.004656838330511007,0.004527707621339974,0.00422
v27;j1-6,0.0017930072716406016,0.001654464049634543,0.00099
v27;j1-2,0.004283295148919215,0.003907873195451364,0.002202
v27;j2-4,0.0008466978782747285,0.0008751541347339582,0.00146
v27;j2-3,0.007719892419563701,0.007343867274246254,0.004558
v27;j2-6,0.0012451439386393067,0.001155696989129443,0.00212
v27;j2-1,0.013870903476441876,0.013926376354577124,0.007828
v27;j1-3,0.0007719892419563701,0.0007291863546135033,0.000496
v12-5;j1-4,0.0,6.759217942718491e-05,0.000118
v12-5;j2-2,0.00032373742404621974,0.00039324690975343045,0.000418
v12-5;j1-5,7.47086363183584e-05,0.00013365788158304506,0.000348
v12-5;j2-7,0.000373543181591792,0.0005478226106841819,0.001038
v12-5;j1-1,0.0002988345452734336,0.00028270418379921385,0.000364
v12-5;j2-5,0.00034864030281900587,0.0003589136978658434,0.000578
v12-5;j1-6,0.0,6.124251679725861e-05,0.000104
v12-5;j1-2,7.47086363183584e-05,0.00014763458786460197,0.000274
v12-5;j2-4,4.980575754557227e-05,7.449284064949212e-05,0.0002
v12-5;j2-3,0.0002988345452734336,0.00036140540469161944,0.000548
v12-5;j2-6,0.0,6.810486476283022e-05,0.000246
v12-5;j2-1,0.0009463093933658731,0.0008295864504033227,0.000928
v12-5;j1-3,4.980575754557227e-05,6.27370916162467e-05,6.2e-05
v6-5;j1-4,0.0006972806056380117,0.000807088166872715,0.001018
v6-5;j2-2,0.004158780755055285,0.00425575237152621,0.003338
v6-5;j1-5,0.0013945612112760235,0.0014838806358113675,0.002878
v6-5;j2-7,0.008417173025201714,0.008492238388358294,0.007582
v6-5;j1-1,0.0038599462097818507,0.0037094806198954586,0.002678
v6-5;j2-5,0.003386791513098914,0.0033292561788546755,0.003762
v6-5;j1-6,0.0008965036358203008,0.0008369091560837241,0.000842
v6-5;j1-2,0.003162665604143839,0.003029964122958325,0.001912
v6-5;j2-4,0.00042334893913736427,0.0004909031526079115,0.001254
v6-5;j2-3,0.0034864030281900587,0.0035415019278229125,0.003938
v6-5;j2-6,0.0004482518179101504,0.00055394665176785,0.00185
v6-5;j2-1,0.006300428329514892,0.00609590746540393,0.006824
v6-5;j1-3,0.0005229604542285088,0.0005291619922177684,0.00046
v3-1;j1-4,0.000373543181591792,0.0003558427418066829,0.000392
v3-1;j2-2,0.001693395756549457,0.0017382270811837446,0.001502
v3-1;j1-5,0.0005229604542285088,0.0006097752583888303,0.001212
v3-1;j2-7,0.00418368363382807,0.004110469784425134,0.003192
v3-1;j1-1,0.0013447554537304512,0.0012840892661404625,0.001182
v3-1;j2-5,0.002091841816914035,0.002015799839957152,0.0016
v3-1;j1-6,0.000373543181591792,0.00036960583064917597,0.000408
v3-1;j1-2,0.0006723777268652256,0.0007621047437780535,0.000752
v3-1;j2-4,0.00047315469668293654,0.00044583398536296253,0.000566
v3-1;j2-3,0.0030879569678254806,0.003043186746527746,0.001778
v3-1;j2-6,0.00032373742404621974,0.0003619633675083324,0.000826
v3-1;j2-1,0.004084072118736926,0.004120680395328047,0.002946
v3-1;j1-3,0.00027393166650064747,0.00026232834934889306,0.000178
v25-1;j1-4,0.0001494172726367168,0.00017437286491238155,0.000274
v25-1;j2-2,0.0007719892419563701,0.0007493814806052005,0.000952
v25-1;j1-5,0.00034864030281900587,0.00037550090285011506,0.0008
v25-1;j2-7,0.0017432015140950293,0.0016562603017929917,0.00215
v25-1;j1-1,0.0005976690905468672,0.0006313258951587595,0.000794
v25-1;j2-5,0.0005727662117740811,0.0005576141676107274,0.001094
v25-1;j1-6,0.0001494172726367168,0.00017161476081424605,0.00023
v25-1;j1-2,0.0005976690905468672,0.000545198641085096,0.000488
v25-1;j2-4,0.00024902878772786134,0.0002161031816845869,0.000384
v25-1;j2-3,0.000747086363183584,0.0008550536817746629,0.00119
v25-1;j2-6,9.961151509114453e-05,0.0001692495537577331,0.000524
v25-1;j2-1,0.0011953381810937344,0.0012575750022887169,0.002032
v25-1;j1-3,0.00012451439386393067,0.00011807703638022,0.000102
v29-1;j1-4,0.0005229604542285088,0.0004467759924007317,0.00044
v29-1;j2-2,0.0019922303018228907,0.0018873870946027385,0.00142
v29-1;j1-5,0.00027393166650064747,0.00039594350023904555,0.001148
v29-1;j2-7,0.006200816814423748,0.005961162121777571,0.003298
v29-1;j1-1,0.002440482119733041,0.0023420717124401345,0.001258
v29-1;j2-5,0.0018926187867317461,0.0017407878035787282,0.001804
v29-1;j1-6,9.961151509114453e-05,0.00022691419431285914,0.000428
v29-1;j1-2,0.0023159677258691104,0.0019320738953008695,0.000906
v29-1;j2-4,0.0005229604542285088,0.0004248095683263817,0.000596
v29-1;j2-3,0.0025151907560513995,0.0023350981822166457,0.00181
v29-1;j2-6,0.00039844606036457814,0.0003765911142676642,0.000852
v29-1;j2-1,0.004457615300328718,0.004071255743492399,0.00307
v29-1;j1-3,0.00034864030281900587,0.00028936538037555053,0.0002
v5-7;j1-4,0.0,0.0,0.0
v5-7;j2-2,0.0,0.0,0.0
v5-7;j1-5,0.0,0.0,0.0
v5-7;j2-7,0.0,0.0,0.0
v5-7;j1-1,0.0,0.0,0.0
v5-7;j2-5,0.0,0.0,0.0
v5-7;j1-6,0.0,0.0,0.0
v5-7;j1-2,0.0,0.0,0.0
v5-7;j2-4,0.0,0.0,0.0
v5-7;j2-3,0.0,0.0,0.0
v5-7;j2-6,0.0,0.0,0.0
v5-7;j2-1,0.0,0.0,0.0
v5-7;j1-3,0.0,0.0,0.0
v18;j1-4,0.00027393166650064747,0.00038973769145679435,0.000606
v18;j2-2,0.0008965036358203008,0.0011414775934658415,0.0021
v18;j1-5,0.0005727662117740811,0.0007325988431145963,0.001698
v18;j2-7,0.003909751967327423,0.003987400263371231,0.004534
v18;j1-1,0.0011704353023209483,0.0012895632588166902,0.001712
v18;j2-5,0.0017681043928678155,0.0018138059057212755,0.002406
v18;j1-6,0.0001494172726367168,0.00030901278743843434,0.000496
v18;j1-2,0.0008466978782747285,0.0009174257509809602,0.001032
v18;j2-4,0.00024902878772786134,0.0004025629628274659,0.000796
v18;j2-3,0.002066938938141249,0.00222258966625264,0.002466
v18;j2-6,0.0002241259089550752,0.0003652495916535468,0.001134
v18;j2-1,0.0025151907560513995,0.0027426704272819676,0.004356
v18;j1-3,0.00019922303018228907,0.0002562607352946055,0.000226
v5-6;j1-4,0.0002241259089550752,0.00028085999819556874,0.000306
v5-6;j2-2,0.0015190756051399541,0.0015717887824136145,0.000876
v5-6;j1-5,0.0011953381810937344,0.000949004087858851,0.00081
v5-6;j2-7,0.005503536208785736,0.005504911302577419,0.002172
v5-6;j1-1,0.0021416475744596075,0.001869498637913336,0.00075
v5-6;j2-5,0.0024902878772786134,0.002362658172207334,0.001098
v5-6;j1-6,0.00024902878772786134,0.0002128738519522201,0.000202
v5-6;j1-2,0.001319852574957665,0.0010897858620404204,0.000546
v5-6;j2-4,0.0006225719693196533,0.00045206474236998993,0.000376
v5-6;j2-3,0.0023657734834146827,0.002199640695017166,0.001192
v5-6;j2-6,0.00042334893913736427,0.00036692044330987006,0.000558
v5-6;j2-1,0.004681741209283793,0.004364121097765585,0.001956
v5-6;j1-3,0.00024902878772786134,0.00018253792387942208,0.000134
v10-3;j1-4,0.0002241259089550752,0.00023639006662178668,0.000462
v10-3;j2-2,0.001494172726367168,0.0015365004386457821,0.001678
v10-3;j1-5,0.0007719892419563701,0.0006860649497445161,0.001304
v10-3;j2-7,0.003934654846100209,0.003734145709720632,0.00365
v10-3;j1-1,0.0013945612112760235,0.0012806138374385216,0.001384
v10-3;j2-5,0.0013945612112760235,0.0012154341788928422,0.001906
v10-3;j1-6,0.0002241259089550752,0.00025641428949766244,0.000418
v10-3;j1-2,0.0011704353023209483,0.0009948249843787513,0.0009
v10-3;j2-4,0.00012451439386393067,0.00019643163526567183,0.00064
v10-3;j2-3,0.0014692698475943819,0.0014186728271589804,0.001972
v10-3;j2-6,0.0001494172726367168,0.00021718051310697022,0.000906
v10-3;j2-1,0.0030630540890526944,0.002893579603905842,0.00358
v10-3;j1-3,0.000373543181591792,0.0002001432926783694,0.000206
v1;j1-4,0.0,0.0,0.0
v1;j2-2,0.0,0.0,0.0
v1;j1-5,0.0,0.0,0.0
v1;j2-7,0.0,0.0,0.0
v1;j1-1,0.0,0.0,0.0
v1;j2-5,0.0,0.0,0.0
v1;j1-6,0.0,0.0,0.0
v1;j1-2,0.0,0.0,0.0
v1;j2-4,0.0,0.0,0.0
v1;j2-3,0.0,0.0,0.0
v1;j2-6,0.0,0.0,0.0
v1;j2-1,0.0,0.0,0.0
v1;j1-3,0.0,0.0,0.0
v6-7;j1-4,0.0,0.0,0.0
v6-7;j2-2,0.0,0.0,0.0
v6-7;j1-5,0.0,0.0,0.0
v6-7;j2-7,0.0,0.0,0.0
v6-7;j1-1,0.0,0.0,0.0
v6-7;j2-5,0.0,0.0,0.0
v6-7;j1-6,0.0,0.0,0.0
v6-7;j1-2,0.0,0.0,0.0
v6-7;j2-4,0.0,0.0,0.0
v6-7;j2-3,0.0,0.0,0.0
v6-7;j2-6,0.0,0.0,0.0
v6-7;j2-1,0.0,0.0,0.0
v6-7;j1-3,0.0,0.0,0.0
v24-1;j1-4,4.980575754557227e-05,0.00022147315095926207,0.000594
v24-1;j2-2,0.001319852574957665,0.001428169139516471,0.001992
v24-1;j1-5,0.00042334893913736427,0.0005588803783091622,0.001586
v24-1;j2-7,0.001294949696184879,0.0016322474545956089,0.004496
v24-1;j1-1,0.0005229604542285088,0.0007085831703699891,0.001556
v24-1;j2-5,0.0011455324235481621,0.001314493326007941,0.002254
v24-1;j1-6,7.47086363183584e-05,0.0002236308132820825,0.000502
v24-1;j1-2,0.0004482518179101504,0.0005866153794018384,0.001054
v24-1;j2-4,0.00017432015140950293,0.000305452010875814,0.000758
v24-1;j2-3,0.0016186871202310987,0.0017403371024681466,0.002542
v24-1;j2-6,4.980575754557227e-05,0.00021394896008304593,0.001132
v24-1;j2-1,0.002415579240960255,0.0026843366864737796,0.004202
v24-1;j1-3,7.47086363183584e-05,0.00016573367685763875,0.00025
v11-2;j1-4,0.0005976690905468672,0.0006344615687020872,0.000598
v11-2;j2-2,0.002066938938141249,0.0022611972584668395,0.001954
v11-2;j1-5,0.0005976690905468672,0.0007667112374812628,0.001602
v11-2;j2-7,0.006400039844606037,0.006357646279416226,0.00438
v11-2;j1-1,0.0017182986353222432,0.001790116607522901,0.001688
v11-2;j2-5,0.0032622771192349835,0.003120024199018643,0.00212
v11-2;j1-6,0.00032373742404621974,0.0003903494606899879,0.0005
v11-2;j1-2,0.0012451439386393067,0.001192813921539393,0.001184
v11-2;j2-4,0.00034864030281900587,0.0004613496085094623,0.000856
v11-2;j2-3,0.003561111664508417,0.003679208501385306,0.002516
v11-2;j2-6,0.00032373742404621974,0.00037471930416406744,0.001096
v11-2;j2-1,0.004656838330511007,0.004533580838294405,0.004242
v11-2;j1-3,0.0002988345452734336,0.00030761553171892265,0.000232
v12-4;j1-4,0.0,0.00021385997276619957,0.000604
v12-4;j2-2,0.0,0.0003755110790178723,0.00187
v12-4;j1-5,0.0,0.0002797899359734849,0.00157
v12-4;j2-7,0.00017432015140950293,0.000695939524076928,0.00412
v12-4;j1-1,0.0,0.0003379938502001695,0.001552
v12-4;j2-5,0.0,0.00036252078056070057,0.002164
v12-4;j1-6,0.0,0.00018284833645079666,0.000466
v12-4;j1-2,0.0,0.0002808349449364226,0.00102
v12-4;j2-4,0.0,0.00018703254005931482,0.000676
v12-4;j2-3,0.0,0.0003864509513222934,0.00235
v12-4;j2-6,0.0,0.00020260303524593216,0.001096
v12-4;j2-1,4.980575754557227e-05,0.000513261330045047,0.004032
v12-4;j1-3,0.0,0.00013819745374824737,0.000226
v7-9;j1-4,0.002241259089550752,0.0020680066479340613,0.001092
v7-9;j2-2,0.005105090148421158,0.00515724182520161,0.003906
v7-9;j1-5,0.0026646080286881163,0.0026320586760267104,0.003166
v7-9;j2-7,0.016909054686721783,0.016861342468253077,0.008274
v7-9;j1-1,0.006400039844606037,0.005891931575936548,0.003174
v7-9;j2-5,0.006947903177607332,0.006868543455727127,0.004208
v7-9;j1-6,0.0007719892419563701,0.0008546525902034375,0.00102
v7-9;j1-2,0.004457615300328718,0.004226434860379577,0.002076
v7-9;j2-4,0.0015688813626855264,0.0015162743817414262,0.001494
v7-9;j2-3,0.00779460105588206,0.007559662297279616,0.004514
v7-9;j2-6,0.0006972806056380117,0.0007480573809552829,0.002174
v7-9;j2-1,0.013148719992031078,0.013211534481304549,0.007664
v7-9;j1-3,0.0010210180296842315,0.0008673717015499827,0.000428
v10-2;j1-4,0.0,4.2590964647185736e-05,7.4e-05
v10-2;j2-2,0.00019922303018228907,0.00027706041209717527,0.000362
v10-2;j1-5,0.0001494172726367168,0.000120432439692187,0.000274
v10-2;j2-7,0.0010708237872298037,0.001092448877968493,0.000956
v10-2;j1-1,0.00024902878772786134,0.0002699258630295592,0.000302
v10-2;j2-5,0.00034864030281900587,0.00032941914751727304,0.000434
v10-2;j1-6,0.0,6.348142399597368e-05,0.000102
v10-2;j1-2,4.980575754557227e-05,0.00012165200516119991,0.000218
v10-2;j2-4,2.4902878772786134e-05,7.573558275490742e-05,0.000178
v10-2;j2-3,0.00042334893913736427,0.00047174895795111125,0.000482
v10-2;j2-6,4.980575754557227e-05,8.157544347142906e-05,0.000234
v10-2;j2-1,0.0006723777268652256,0.0005529495260124852,0.00082
v10-2;j1-3,2.4902878772786134e-05,4.810482937939551e-05,5e-05
v11-1;j1-4,2.4902878772786134e-05,3.030657997514162e-05,4e-05
v11-1;j2-2,0.00034864030281900587,0.0002702097338020163,0.000242
v11-1;j1-5,4.980575754557227e-05,0.00011079990397845887,0.000202
v11-1;j2-7,0.0006972806056380117,0.0006918229858911244,0.00045
v11-1;j1-1,0.00019922303018228907,0.00022581198374862615,0.000218
v11-1;j2-5,0.00032373742404621974,0.00029478213279465895,0.000276
v11-1;j1-6,7.47086363183584e-05,3.216490044054432e-05,3.8e-05
v11-1;j1-2,4.980575754557227e-05,0.00010148557078471216,0.00013
v11-1;j2-4,0.0,4.179213586049557e-05,7.6e-05
v11-1;j2-3,0.000373543181591792,0.00035417427291630876,0.000286
v11-1;j2-6,0.0,5.807741385500718e-05,0.000116
v11-1;j2-1,0.0004980575754557227,0.0004894296930538254,0.000486
v11-1;j1-3,0.0,3.506683510682877e-05,3.2e-05
